id,service_code,category_id,service_type,calculation_method,tasa_expedicion,tasa_renovacion,status,priority,created_at,updated_at,expedition_formula,renewal_formula,calculation_config
T-001,T-001,C-001,certificate,fixed_expedition,2000.0,0.0,active,0,2025-09-29T08:11:22.495852Z,2025-09-29T08:11:22.495852Z,,,
T-002,T-002,C-001,certificate,fixed_expedition,2000.0,0.0,active,0,2025-09-29T08:11:22.496403Z,2025-09-29T08:11:22.496403Z,,,
T-003,T-003,C-001,certificate,fixed_expedition,2000.0,0.0,active,0,2025-09-29T08:11:22.496403Z,2025-09-29T08:11:22.496403Z,,,
T-004,T-004,C-001,certificate,fixed_expedition,10000.0,0.0,active,0,2025-09-29T08:11:22.496403Z,2025-09-29T08:11:22.496403Z,,,
T-005,T-005,C-001,other,fixed_expedition,7500.0,0.0,active,0,2025-09-29T08:11:22.496403Z,2025-09-29T08:11:22.496403Z,,,
T-006,T-006,C-001,other,fixed_expedition,5000.0,0.0,active,0,2025-09-29T08:11:22.496403Z,2025-09-29T08:11:22.496403Z,,,
T-007,T-007,C-001,other,formula_based,0.0,0.0,active,0,2025-09-29T08:11:22.496403Z,2025-09-29T08:11:22.496403Z,free_service_calculation(),,"{""calculation_type"": ""free_service"", ""description"": ""Service administratif gratuit"", ""base_amount"": 0.0, ""requires_input"": false}"
T-008,T-008,C-001,certificate,fixed_expedition,3500.0,0.0,active,0,2025-09-29T08:11:22.496403Z,2025-09-29T08:11:22.496403Z,,,
T-009,T-009,C-001,certificate,fixed_expedition,15000.0,0.0,active,0,2025-09-29T08:11:22.496403Z,2025-09-29T08:11:22.496403Z,,,
T-010,T-010,C-001,certificate,fixed_expedition,500.0,0.0,active,0,2025-09-29T08:11:22.496403Z,2025-09-29T08:11:22.496403Z,,,
T-011,T-011,C-001,certificate,fixed_expedition,25000.0,0.0,active,0,2025-09-29T08:11:22.496403Z,2025-09-29T08:11:22.496403Z,,,
T-012,T-012,C-001,other,formula_based,0.0,0.0,active,0,2025-09-29T08:11:22.496403Z,2025-09-29T08:11:22.496403Z,free_service_calculation(),,"{""calculation_type"": ""free_service"", ""description"": ""Service administratif gratuit"", ""base_amount"": 0.0, ""requires_input"": false}"
T-013,T-013,C-001,other,fixed_expedition,5000.0,0.0,active,0,2025-09-29T08:11:22.496403Z,2025-09-29T08:11:22.496403Z,,,
T-014,T-014,C-001,other,fixed_expedition,5000.0,0.0,active,0,2025-09-29T08:11:22.496403Z,2025-09-29T08:11:22.496403Z,,,
T-015,T-015,C-002,other,fixed_expedition,3.503,0.0,active,0,2025-09-29T08:11:22.496403Z,2025-09-29T08:11:22.496403Z,,,
T-016,T-016,C-002,other,fixed_expedition,5.652,0.0,active,0,2025-09-29T08:11:22.496403Z,2025-09-29T08:11:22.496403Z,,,
T-017,T-017,C-002,other,fixed_expedition,8.004,0.0,active,0,2025-09-29T08:11:22.496403Z,2025-09-29T08:11:22.496403Z,,,
T-018,T-018,C-002,other,fixed_expedition,8.124,0.0,active,0,2025-09-29T08:11:22.496403Z,2025-09-29T08:11:22.496403Z,,,
T-019,T-019,C-002,other,fixed_expedition,8200.0,0.0,active,0,2025-09-29T08:11:22.496403Z,2025-09-29T08:11:22.496403Z,,,
T-020,T-020,C-002,other,fixed_expedition,2.327,0.0,active,0,2025-09-29T08:11:22.496403Z,2025-09-29T08:11:22.496403Z,,,
T-021,T-021,C-002,other,formula_based,0.0,0.0,active,0,2025-09-29T08:11:22.496403Z,2025-09-29T08:11:22.496403Z,custom_calculation(input_params),,"{""calculation_type"": ""custom"", ""description"": ""Calcul selon critères spécifiques du service"", ""requires_input"": true}"
T-022,T-022,C-003,other,fixed_expedition,2.115,0.0,active,0,2025-09-29T08:11:22.496403Z,2025-09-29T08:11:22.496403Z,,,
T-023,T-023,C-003,other,fixed_expedition,1640.0,0.0,active,0,2025-09-29T08:11:22.496403Z,2025-09-29T08:11:22.496403Z,,,
T-024,T-024,C-003,other,fixed_expedition,1690.0,0.0,active,0,2025-09-29T08:11:22.496403Z,2025-09-29T08:11:22.496403Z,,,
T-025,T-025,C-003,other,fixed_expedition,3620.0,0.0,active,0,2025-09-29T08:11:22.496403Z,2025-09-29T08:11:22.496403Z,,,
T-026,T-026,C-003,other,fixed_expedition,4259.0,0.0,active,0,2025-09-29T08:11:22.496403Z,2025-09-29T08:11:22.496403Z,,,
T-027,T-027,C-003,other,fixed_expedition,4284.0,0.0,active,0,2025-09-29T08:11:22.496403Z,2025-09-29T08:11:22.496403Z,,,
T-028,T-028,C-003,other,fixed_expedition,4284.0,0.0,active,0,2025-09-29T08:11:22.496403Z,2025-09-29T08:11:22.496403Z,,,
T-029,T-029,C-004,other,formula_based,0.0,0.0,active,0,2025-09-29T08:11:22.496403Z,2025-09-29T08:11:22.496403Z,custom_calculation(input_params),,"{""calculation_type"": ""custom"", ""description"": ""Calcul selon critères spécifiques du service"", ""requires_input"": true}"
T-030,T-030,C-004,registration,fixed_expedition,300000.0,0.0,active,0,2025-09-29T08:11:22.496403Z,2025-09-29T08:11:22.496403Z,,,
T-031,T-031,C-004,registration,fixed_both,60000.0,20000.0,active,0,2025-09-29T08:11:22.496403Z,2025-09-29T08:11:22.496403Z,,,
T-032,T-032,C-004,registration,fixed_expedition,40000.0,0.0,active,0,2025-09-29T08:11:22.496403Z,2025-09-29T08:11:22.496403Z,,,
T-033,T-033,C-004,registration,fixed_expedition,50000.0,0.0,active,0,2025-09-29T08:11:22.496403Z,2025-09-29T08:11:22.496403Z,,,
T-034,T-034,C-004,other,fixed_expedition,100000.0,0.0,active,0,2025-09-29T08:11:22.496403Z,2025-09-29T08:11:22.496403Z,,,
T-035,T-035,C-004,registration,fixed_expedition,50000.0,0.0,active,0,2025-09-29T08:11:22.496403Z,2025-09-29T08:11:22.496403Z,,,
T-036,T-036,C-004,registration,fixed_expedition,50000.0,0.0,active,0,2025-09-29T08:11:22.496403Z,2025-09-29T08:11:22.496403Z,,,
T-037,T-037,C-004,certificate,fixed_expedition,100000.0,0.0,active,0,2025-09-29T08:11:22.496403Z,2025-09-29T08:11:22.496403Z,,,
T-038,T-038,C-004,certificate,fixed_expedition,100000.0,0.0,active,0,2025-09-29T08:11:22.496403Z,2025-09-29T08:11:22.496403Z,,,
T-039,T-039,C-004,permit,fixed_expedition,100000.0,0.0,active,0,2025-09-29T08:11:22.496403Z,2025-09-29T08:11:22.496403Z,,,
T-040,T-040,C-004,registration,formula_based,0.0,0.0,active,0,2025-09-29T08:11:22.496403Z,2025-09-29T08:11:22.496403Z,custom_calculation(input_params),,"{""calculation_type"": ""custom"", ""description"": ""Calcul selon critères spécifiques du service"", ""requires_input"": true}"
T-041,T-041,C-004,registration,formula_based,0.0,0.0,active,0,2025-09-29T08:11:22.496403Z,2025-09-29T08:11:22.496403Z,custom_calculation(input_params),,"{""calculation_type"": ""custom"", ""description"": ""Calcul selon critères spécifiques du service"", ""requires_input"": true}"
T-042,T-042,C-004,certificate,fixed_expedition,100000.0,0.0,active,0,2025-09-29T08:11:22.496403Z,2025-09-29T08:11:22.496403Z,,,
T-043,T-043,C-004,certificate,fixed_expedition,100000.0,0.0,active,0,2025-09-29T08:11:22.496403Z,2025-09-29T08:11:22.496403Z,,,
T-044,T-044,C-004,certificate,fixed_expedition,100000.0,0.0,active,0,2025-09-29T08:11:22.496403Z,2025-09-29T08:11:22.496403Z,,,
T-045,T-045,C-004,permit,fixed_expedition,100000.0,0.0,active,0,2025-09-29T08:11:22.496403Z,2025-09-29T08:11:22.496403Z,,,
T-046,T-046,C-005,other,formula_based,0.0,0.0,active,0,2025-09-29T08:11:22.496403Z,2025-09-29T08:11:22.496403Z,custom_calculation(input_params),,"{""calculation_type"": ""custom"", ""description"": ""Calcul selon critères spécifiques du service"", ""requires_input"": true}"
T-047,T-047,C-005,other,formula_based,0.0,0.0,active,0,2025-09-29T08:11:22.496403Z,2025-09-29T08:11:22.496403Z,custom_calculation(input_params),,"{""calculation_type"": ""custom"", ""description"": ""Calcul selon critères spécifiques du service"", ""requires_input"": true}"
T-048,T-048,C-006,permit,fixed_expedition,120000.0,0.0,active,0,2025-09-29T08:11:22.496403Z,2025-09-29T08:11:22.496403Z,,,
T-049,T-049,C-006,permit,fixed_expedition,30000.0,0.0,active,0,2025-09-29T08:11:22.496403Z,2025-09-29T08:11:22.496403Z,,,
T-050,T-050,C-007,other,fixed_expedition,250000.0,0.0,active,0,2025-09-29T08:11:22.496403Z,2025-09-29T08:11:22.496403Z,,,
T-051,T-051,C-007,other,fixed_expedition,500000.0,0.0,active,0,2025-09-29T08:11:22.496403Z,2025-09-29T08:11:22.496403Z,,,
T-052,T-052,C-007,other,fixed_expedition,200000.0,0.0,active,0,2025-09-29T08:11:22.496403Z,2025-09-29T08:11:22.496403Z,,,
T-053,T-053,C-008,other,formula_based,0.0,0.0,active,0,2025-09-29T08:11:22.496403Z,2025-09-29T08:11:22.496403Z,custom_calculation(input_params),,"{""calculation_type"": ""custom"", ""description"": ""Calcul selon critères spécifiques du service"", ""requires_input"": true}"
T-054,T-054,C-008,other,fixed_expedition,500000.0,0.0,active,0,2025-09-29T08:11:22.496403Z,2025-09-29T08:11:22.496403Z,,,
T-055,T-055,C-008,other,fixed_expedition,200000.0,0.0,active,0,2025-09-29T08:11:22.496403Z,2025-09-29T08:11:22.496403Z,,,
T-056,T-056,C-008,other,fixed_expedition,2000.0,0.0,active,0,2025-09-29T08:11:22.496403Z,2025-09-29T08:11:22.496403Z,,,
T-057,T-057,C-009,other,formula_based,0.0,0.0,active,0,2025-09-29T08:11:22.496403Z,2025-09-29T08:11:22.496403Z,custom_calculation(input_params),,"{""calculation_type"": ""custom"", ""description"": ""Calcul selon critères spécifiques du service"", ""requires_input"": true}"
T-058,T-058,C-009,other,formula_based,0.0,0.0,active,0,2025-09-29T08:11:22.496403Z,2025-09-29T08:11:22.496403Z,custom_calculation(input_params),,"{""calculation_type"": ""custom"", ""description"": ""Calcul selon critères spécifiques du service"", ""requires_input"": true}"
T-059,T-059,C-009,other,formula_based,0.0,0.0,active,0,2025-09-29T08:11:22.496403Z,2025-09-29T08:11:22.496403Z,free_service_calculation(),,"{""calculation_type"": ""free_service"", ""description"": ""Service administratif gratuit"", ""base_amount"": 0.0, ""requires_input"": false}"
T-060,T-060,C-009,other,formula_based,0.0,0.0,active,0,2025-09-29T08:11:22.496403Z,2025-09-29T08:11:22.496403Z,free_service_calculation(),,"{""calculation_type"": ""free_service"", ""description"": ""Service administratif gratuit"", ""base_amount"": 0.0, ""requires_input"": false}"
T-061,T-061,C-010,other,fixed_expedition,50000.0,0.0,active,0,2025-09-29T08:11:22.496403Z,2025-09-29T08:11:22.496403Z,,,
T-062,T-062,C-010,other,fixed_expedition,50000.0,0.0,active,0,2025-09-29T08:11:22.496403Z,2025-09-29T08:11:22.496403Z,,,
T-063,T-063,C-010,other,fixed_expedition,50000.0,0.0,active,0,2025-09-29T08:11:22.496403Z,2025-09-29T08:11:22.496403Z,,,
T-064,T-064,C-010,other,fixed_expedition,30000.0,0.0,active,0,2025-09-29T08:11:22.496403Z,2025-09-29T08:11:22.496403Z,,,
T-065,T-065,C-010,other,fixed_expedition,50000.0,0.0,active,0,2025-09-29T08:11:22.496403Z,2025-09-29T08:11:22.496403Z,,,
T-066,T-066,C-010,permit,formula_based,0.0,0.0,active,0,2025-09-29T08:11:22.496403Z,2025-09-29T08:11:22.496403Z,custom_calculation(input_params),,"{""calculation_type"": ""custom"", ""description"": ""Calcul selon critères spécifiques du service"", ""requires_input"": true}"
T-067,T-067,C-010,other,formula_based,0.0,0.0,active,0,2025-09-29T08:11:22.496403Z,2025-09-29T08:11:22.496403Z,custom_calculation(input_params),,"{""calculation_type"": ""custom"", ""description"": ""Calcul selon critères spécifiques du service"", ""requires_input"": true}"
T-068,T-068,C-010,permit,fixed_expedition,1.0,0.0,active,0,2025-09-29T08:11:22.496403Z,2025-09-29T08:11:22.496403Z,,,
T-069,T-069,C-010,permit,fixed_expedition,2.0,0.0,active,0,2025-09-29T08:11:22.496403Z,2025-09-29T08:11:22.496403Z,,,
T-070,T-070,C-010,permit,fixed_renewal,0.0,3.0,active,0,2025-09-29T08:11:22.496403Z,2025-09-29T08:11:22.496403Z,,,
T-071,T-071,C-010,other,fixed_renewal,0.0,1.0,active,0,2025-09-29T08:11:22.496403Z,2025-09-29T08:11:22.496403Z,,,
T-072,T-072,C-010,other,fixed_renewal,0.0,2.0,active,0,2025-09-29T08:11:22.496403Z,2025-09-29T08:11:22.496403Z,,,
T-073,T-073,C-010,other,fixed_renewal,0.0,3.0,active,0,2025-09-29T08:11:22.496403Z,2025-09-29T08:11:22.496403Z,,,
T-074,T-074,C-010,license,fixed_renewal,0.0,1.0,active,0,2025-09-29T08:11:22.496403Z,2025-09-29T08:11:22.496403Z,,,
T-075,T-075,C-010,license,fixed_renewal,0.0,2.0,active,0,2025-09-29T08:11:22.496403Z,2025-09-29T08:11:22.496403Z,,,
T-076,T-076,C-010,license,fixed_renewal,0.0,3.0,active,0,2025-09-29T08:11:22.496403Z,2025-09-29T08:11:22.496403Z,,,
T-077,T-077,C-010,certificate,fixed_renewal,0.0,1.0,active,0,2025-09-29T08:11:22.496403Z,2025-09-29T08:11:22.496403Z,,,
T-078,T-078,C-010,certificate,fixed_renewal,0.0,2.0,active,0,2025-09-29T08:11:22.496403Z,2025-09-29T08:11:22.496403Z,,,
T-079,T-079,C-010,certificate,fixed_renewal,0.0,3.0,active,0,2025-09-29T08:11:22.496403Z,2025-09-29T08:11:22.496403Z,,,
T-080,T-080,C-010,certificate,fixed_renewal,0.0,1.0,active,0,2025-09-29T08:11:22.496403Z,2025-09-29T08:11:22.496403Z,,,
T-081,T-081,C-010,certificate,fixed_renewal,0.0,2.0,active,0,2025-09-29T08:11:22.496403Z,2025-09-29T08:11:22.496403Z,,,
T-082,T-082,C-010,certificate,fixed_renewal,0.0,3.0,active,0,2025-09-29T08:11:22.496403Z,2025-09-29T08:11:22.496403Z,,,
T-083,T-083,C-010,permit,fixed_renewal,0.0,1.0,active,0,2025-09-29T08:11:22.496403Z,2025-09-29T08:11:22.496403Z,,,
T-084,T-084,C-010,permit,fixed_renewal,0.0,2.0,active,0,2025-09-29T08:11:22.496403Z,2025-09-29T08:11:22.496403Z,,,
T-085,T-085,C-010,permit,fixed_renewal,0.0,3.0,active,0,2025-09-29T08:11:22.496403Z,2025-09-29T08:11:22.496403Z,,,
T-086,T-086,C-010,other,fixed_renewal,0.0,1.0,active,0,2025-09-29T08:11:22.496403Z,2025-09-29T08:11:22.496403Z,,,
T-087,T-087,C-010,other,fixed_renewal,0.0,2.0,active,0,2025-09-29T08:11:22.496403Z,2025-09-29T08:11:22.496403Z,,,
T-088,T-088,C-010,other,fixed_renewal,0.0,3.0,active,0,2025-09-29T08:11:22.496403Z,2025-09-29T08:11:22.496403Z,,,
T-089,T-089,C-010,certificate,fixed_renewal,0.0,1.0,active,0,2025-09-29T08:11:22.496403Z,2025-09-29T08:11:22.496403Z,,,
T-090,T-090,C-010,certificate,fixed_renewal,0.0,2.0,active,0,2025-09-29T08:11:22.496403Z,2025-09-29T08:11:22.496403Z,,,
T-091,T-091,C-010,certificate,fixed_renewal,0.0,3.0,active,0,2025-09-29T08:11:22.496403Z,2025-09-29T08:11:22.496403Z,,,
T-092,T-092,C-010,other,fixed_renewal,0.0,300000.0,active,0,2025-09-29T08:11:22.496403Z,2025-09-29T08:11:22.496403Z,,,
T-093,T-093,C-010,other,fixed_renewal,0.0,150000.0,active,0,2025-09-29T08:11:22.496403Z,2025-09-29T08:11:22.496403Z,,,
T-094,T-094,C-010,certificate,formula_based,0.0,0.0,active,0,2025-09-29T08:11:22.496403Z,2025-09-29T08:11:22.496403Z,free_service_calculation(),,"{""calculation_type"": ""free_service"", ""description"": ""Service administratif gratuit"", ""base_amount"": 0.0, ""requires_input"": false}"
T-095,T-095,C-010,certificate,formula_based,0.0,0.0,active,0,2025-09-29T08:11:22.496403Z,2025-09-29T08:11:22.496403Z,free_service_calculation(),,"{""calculation_type"": ""free_service"", ""description"": ""Service administratif gratuit"", ""base_amount"": 0.0, ""requires_input"": false}"
T-096,T-096,C-010,other,formula_based,0.0,0.0,active,0,2025-09-29T08:11:22.496403Z,2025-09-29T08:11:22.496403Z,custom_calculation(input_params),,"{""calculation_type"": ""custom"", ""description"": ""Calcul selon critères spécifiques du service"", ""requires_input"": true}"
T-097,T-097,C-010,other,fixed_expedition,200000.0,0.0,active,0,2025-09-29T08:11:22.496403Z,2025-09-29T08:11:22.496403Z,,,
T-098,T-098,C-010,permit,formula_based,0.0,0.0,active,0,2025-09-29T08:11:22.496403Z,2025-09-29T08:11:22.496403Z,custom_calculation(input_params),,"{""calculation_type"": ""custom"", ""description"": ""Calcul selon critères spécifiques du service"", ""requires_input"": true}"
T-099,T-099,C-010,certificate,fixed_expedition,500000.0,0.0,active,0,2025-09-29T08:11:22.496403Z,2025-09-29T08:11:22.496403Z,,,
T-100,T-100,C-010,other,formula_based,0.0,0.0,active,0,2025-09-29T08:11:22.496403Z,2025-09-29T08:11:22.496403Z,custom_calculation(input_params),,"{""calculation_type"": ""custom"", ""description"": ""Calcul selon critères spécifiques du service"", ""requires_input"": true}"
T-101,T-101,C-010,other,formula_based,0.0,0.0,active,0,2025-09-29T08:11:22.496403Z,2025-09-29T08:11:22.496403Z,custom_calculation(input_params),,"{""calculation_type"": ""custom"", ""description"": ""Calcul selon critères spécifiques du service"", ""requires_input"": true}"
T-102,T-102,C-010,other,formula_based,0.0,0.0,active,0,2025-09-29T08:11:22.496403Z,2025-09-29T08:11:22.496403Z,custom_calculation(input_params),,"{""calculation_type"": ""custom"", ""description"": ""Calcul selon critères spécifiques du service"", ""requires_input"": true}"
T-103,T-103,C-010,other,formula_based,0.0,0.0,active,0,2025-09-29T08:11:22.496403Z,2025-09-29T08:11:22.496403Z,custom_calculation(input_params),,"{""calculation_type"": ""custom"", ""description"": ""Calcul selon critères spécifiques du service"", ""requires_input"": true}"
T-104,T-104,C-010,other,formula_based,0.0,0.0,active,0,2025-09-29T08:11:22.496403Z,2025-09-29T08:11:22.496403Z,custom_calculation(input_params),,"{""calculation_type"": ""custom"", ""description"": ""Calcul selon critères spécifiques du service"", ""requires_input"": true}"
T-105,T-105,C-010,other,formula_based,0.0,0.0,active,0,2025-09-29T08:11:22.496403Z,2025-09-29T08:11:22.496403Z,custom_calculation(input_params),,"{""calculation_type"": ""custom"", ""description"": ""Calcul selon critères spécifiques du service"", ""requires_input"": true}"
T-106,T-106,C-010,other,fixed_expedition,50000.0,0.0,active,0,2025-09-29T08:11:22.496403Z,2025-09-29T08:11:22.496403Z,,,
T-107,T-107,C-011,license,fixed_expedition,60000.0,0.0,active,0,2025-09-29T08:11:22.496403Z,2025-09-29T08:11:22.496403Z,,,
T-108,T-108,C-011,license,fixed_expedition,100000.0,0.0,active,0,2025-09-29T08:11:22.496403Z,2025-09-29T08:11:22.496403Z,,,
T-109,T-109,C-011,license,fixed_expedition,100000.0,0.0,active,0,2025-09-29T08:11:22.496403Z,2025-09-29T08:11:22.496403Z,,,
T-110,T-110,C-011,other,fixed_expedition,50000.0,0.0,active,0,2025-09-29T08:11:22.496403Z,2025-09-29T08:11:22.496403Z,,,
T-111,T-111,C-011,license,fixed_expedition,30000.0,0.0,active,0,2025-09-29T08:11:22.496403Z,2025-09-29T08:11:22.496403Z,,,
T-112,T-112,C-011,other,fixed_expedition,10000.0,0.0,active,0,2025-09-29T08:11:22.496403Z,2025-09-29T08:11:22.496403Z,,,
T-113,T-113,C-012,other,fixed_expedition,200000.0,0.0,active,0,2025-09-29T08:11:22.496403Z,2025-09-29T08:11:22.496403Z,,,
T-114,T-114,C-012,other,fixed_expedition,40000.0,0.0,active,0,2025-09-29T08:11:22.496403Z,2025-09-29T08:11:22.496403Z,,,
T-115,T-115,C-012,other,fixed_expedition,15000.0,0.0,active,0,2025-09-29T08:11:22.496403Z,2025-09-29T08:11:22.496403Z,,,
T-116,T-116,C-013,other,fixed_expedition,300.0,0.0,active,0,2025-09-29T08:11:22.496403Z,2025-09-29T08:11:22.496403Z,,,
T-117,T-117,C-013,other,fixed_expedition,5000.0,0.0,active,0,2025-09-29T08:11:22.496403Z,2025-09-29T08:11:22.496403Z,,,
T-118,T-118,C-013,other,fixed_expedition,10000.0,0.0,active,0,2025-09-29T08:11:22.496403Z,2025-09-29T08:11:22.496403Z,,,
T-119,T-119,C-013,other,fixed_expedition,10000.0,0.0,active,0,2025-09-29T08:11:22.496403Z,2025-09-29T08:11:22.496403Z,,,
T-120,T-120,C-013,other,fixed_expedition,20000.0,0.0,active,0,2025-09-29T08:11:22.496403Z,2025-09-29T08:11:22.496403Z,,,
T-121,T-121,C-014,other,fixed_expedition,6.967,0.0,active,0,2025-09-29T08:11:22.496403Z,2025-09-29T08:11:22.496403Z,,,
T-122,T-122,C-014,other,formula_based,0.0,0.0,active,0,2025-09-29T08:11:22.496403Z,2025-09-29T08:11:22.496403Z,custom_calculation(input_params),,"{""calculation_type"": ""custom"", ""description"": ""Calcul selon critères spécifiques du service"", ""requires_input"": true}"
T-123,T-123,C-014,other,fixed_expedition,10.159,0.0,active,0,2025-09-29T08:11:22.496403Z,2025-09-29T08:11:22.496403Z,,,
T-124,T-124,C-014,other,formula_based,0.0,0.0,active,0,2025-09-29T08:11:22.496403Z,2025-09-29T08:11:22.496403Z,custom_calculation(input_params),,"{""calculation_type"": ""custom"", ""description"": ""Calcul selon critères spécifiques du service"", ""requires_input"": true}"
T-125,T-125,C-015,other,formula_based,0.0,0.0,active,0,2025-09-29T08:11:22.496403Z,2025-09-29T08:11:22.496403Z,custom_calculation(input_params),,"{""calculation_type"": ""custom"", ""description"": ""Calcul selon critères spécifiques du service"", ""requires_input"": true}"
T-126,T-126,C-015,other,fixed_both,25000.0,5000.0,active,0,2025-09-29T08:11:22.496403Z,2025-09-29T08:11:22.496403Z,,,
T-127,T-127,C-015,other,fixed_expedition,20000.0,0.0,active,0,2025-09-29T08:11:22.496403Z,2025-09-29T08:11:22.496403Z,,,
T-128,T-128,C-015,license,fixed_expedition,30000.0,0.0,active,0,2025-09-29T08:11:22.496403Z,2025-09-29T08:11:22.496403Z,,,
T-129,T-129,C-015,license,fixed_expedition,50000.0,0.0,active,0,2025-09-29T08:11:22.496403Z,2025-09-29T08:11:22.496403Z,,,
T-130,T-130,C-015,permit,fixed_expedition,100000.0,0.0,active,0,2025-09-29T08:11:22.496403Z,2025-09-29T08:11:22.496403Z,,,
T-131,T-131,C-015,other,fixed_expedition,5000.0,0.0,active,0,2025-09-29T08:11:22.496403Z,2025-09-29T08:11:22.496403Z,,,
T-132,T-132,C-015,other,fixed_both,10000.0,5000.0,active,0,2025-09-29T08:11:22.496403Z,2025-09-29T08:11:22.496403Z,,,
T-133,T-133,C-015,license,fixed_expedition,30000.0,0.0,active,0,2025-09-29T08:11:22.496403Z,2025-09-29T08:11:22.496403Z,,,
T-134,T-134,C-015,other,fixed_expedition,15000.0,0.0,active,0,2025-09-29T08:11:22.496403Z,2025-09-29T08:11:22.496403Z,,,
T-135,T-135,C-015,license,fixed_expedition,10000.0,0.0,active,0,2025-09-29T08:11:22.496403Z,2025-09-29T08:11:22.496403Z,,,
T-136,T-136,C-016,other,fixed_expedition,2000.0,0.0,active,0,2025-09-29T08:11:22.496403Z,2025-09-29T08:11:22.496403Z,,,
T-137,T-137,C-017,other,fixed_expedition,1.892,0.0,active,0,2025-09-29T08:11:22.496403Z,2025-09-29T08:11:22.496403Z,,,
T-138,T-138,C-017,other,fixed_expedition,5000.0,0.0,active,0,2025-09-29T08:11:22.496403Z,2025-09-29T08:11:22.496403Z,,,
T-139,T-139,C-017,other,fixed_expedition,10000.0,0.0,active,0,2025-09-29T08:11:22.496403Z,2025-09-29T08:11:22.496403Z,,,
T-140,T-140,C-017,other,fixed_expedition,20000.0,0.0,active,0,2025-09-29T08:11:22.496403Z,2025-09-29T08:11:22.496403Z,,,
T-141,T-141,C-018,other,fixed_expedition,5000.0,0.0,active,0,2025-09-29T08:11:22.496403Z,2025-09-29T08:11:22.496403Z,,,
T-142,T-142,C-018,other,fixed_expedition,5000.0,0.0,active,0,2025-09-29T08:11:22.496403Z,2025-09-29T08:11:22.496403Z,,,
T-143,T-143,C-019,other,fixed_expedition,40000.0,0.0,active,0,2025-09-29T08:11:22.496403Z,2025-09-29T08:11:22.496403Z,,,
T-144,T-144,C-019,other,formula_based,0.0,0.0,active,0,2025-09-29T08:11:22.496403Z,2025-09-29T08:11:22.496403Z,custom_calculation(input_params),,"{""calculation_type"": ""custom"", ""description"": ""Calcul selon critères spécifiques du service"", ""requires_input"": true}"
T-145,T-145,C-019,other,formula_based,0.0,0.0,active,0,2025-09-29T08:11:22.496403Z,2025-09-29T08:11:22.496403Z,custom_calculation(input_params),,"{""calculation_type"": ""custom"", ""description"": ""Calcul selon critères spécifiques du service"", ""requires_input"": true}"
T-146,T-146,C-019,other,fixed_expedition,20000.0,0.0,active,0,2025-09-29T08:11:22.496403Z,2025-09-29T08:11:22.496403Z,,,
T-147,T-147,C-019,other,fixed_expedition,150000.0,0.0,active,0,2025-09-29T08:11:22.496403Z,2025-09-29T08:11:22.496403Z,,,
T-148,T-148,C-019,other,formula_based,0.0,0.0,active,0,2025-09-29T08:11:22.496403Z,2025-09-29T08:11:22.496403Z,custom_calculation(input_params),,"{""calculation_type"": ""custom"", ""description"": ""Calcul selon critères spécifiques du service"", ""requires_input"": true}"
T-149,T-149,C-019,other,formula_based,0.0,0.0,active,0,2025-09-29T08:11:22.496403Z,2025-09-29T08:11:22.496403Z,custom_calculation(input_params),,"{""calculation_type"": ""custom"", ""description"": ""Calcul selon critères spécifiques du service"", ""requires_input"": true}"
T-150,T-150,C-020,other,fixed_expedition,5000.0,0.0,active,0,2025-09-29T08:11:22.496403Z,2025-09-29T08:11:22.496403Z,,,
T-151,T-151,C-020,other,fixed_expedition,15000.0,0.0,active,0,2025-09-29T08:11:22.496403Z,2025-09-29T08:11:22.496403Z,,,
T-152,T-152,C-020,other,fixed_expedition,25000.0,0.0,active,0,2025-09-29T08:11:22.496403Z,2025-09-29T08:11:22.496403Z,,,
T-153,T-153,C-021,other,fixed_expedition,0.23,0.0,active,0,2025-09-29T08:11:22.496403Z,2025-09-29T08:11:22.496403Z,,,
T-154,T-154,C-022,other,fixed_expedition,20000.0,0.0,active,0,2025-09-29T08:11:22.496403Z,2025-09-29T08:11:22.496403Z,,,
T-155,T-155,C-023,other,fixed_expedition,5000.0,0.0,active,0,2025-09-29T08:11:22.496403Z,2025-09-29T08:11:22.496403Z,,,
T-156,T-156,C-023,other,fixed_expedition,15000.0,0.0,active,0,2025-09-29T08:11:22.496403Z,2025-09-29T08:11:22.496403Z,,,
T-157,T-157,C-024,other,fixed_expedition,60000.0,0.0,active,0,2025-09-29T08:11:22.496403Z,2025-09-29T08:11:22.496403Z,,,
T-158,T-158,C-024,other,fixed_expedition,50000.0,0.0,active,0,2025-09-29T08:11:22.496403Z,2025-09-29T08:11:22.496403Z,,,
T-159,T-159,C-024,other,fixed_expedition,75000.0,0.0,active,0,2025-09-29T08:11:22.496403Z,2025-09-29T08:11:22.496403Z,,,
T-160,T-160,C-024,other,fixed_expedition,75000.0,0.0,active,0,2025-09-29T08:11:22.496403Z,2025-09-29T08:11:22.496403Z,,,
T-161,T-161,C-024,other,fixed_expedition,50000.0,0.0,active,0,2025-09-29T08:11:22.496403Z,2025-09-29T08:11:22.496403Z,,,
T-162,T-162,C-024,other,fixed_expedition,200000.0,0.0,active,0,2025-09-29T08:11:22.496403Z,2025-09-29T08:11:22.496403Z,,,
T-163,T-163,C-025,other,fixed_expedition,2000.0,0.0,active,0,2025-09-29T08:11:22.496403Z,2025-09-29T08:11:22.496403Z,,,
T-164,T-164,C-025,other,fixed_expedition,1500.0,0.0,active,0,2025-09-29T08:11:22.496403Z,2025-09-29T08:11:22.496403Z,,,
T-165,T-165,C-025,other,fixed_expedition,1500.0,0.0,active,0,2025-09-29T08:11:22.496403Z,2025-09-29T08:11:22.496403Z,,,
T-166,T-166,C-026,other,fixed_expedition,1000.0,0.0,active,0,2025-09-29T08:11:22.496403Z,2025-09-29T08:11:22.496403Z,,,
T-167,T-167,C-026,other,fixed_expedition,800.0,0.0,active,0,2025-09-29T08:11:22.496403Z,2025-09-29T08:11:22.496403Z,,,
T-168,T-168,C-026,other,fixed_expedition,600.0,0.0,active,0,2025-09-29T08:11:22.496403Z,2025-09-29T08:11:22.496403Z,,,
T-169,T-169,C-027,other,fixed_both,50000.0,30000.0,active,0,2025-09-29T08:11:22.496403Z,2025-09-29T08:11:22.496403Z,,,
T-170,T-170,C-027,other,fixed_both,50000.0,40000.0,active,0,2025-09-29T08:11:22.496403Z,2025-09-29T08:11:22.496403Z,,,
T-171,T-171,C-027,other,fixed_expedition,20000.0,0.0,active,0,2025-09-29T08:11:22.496403Z,2025-09-29T08:11:22.496403Z,,,
T-172,T-172,C-027,registration,fixed_expedition,150000.0,0.0,active,0,2025-09-29T08:11:22.496403Z,2025-09-29T08:11:22.496403Z,,,
T-173,T-173,C-027,other,fixed_expedition,5000.0,0.0,active,0,2025-09-29T08:11:22.496403Z,2025-09-29T08:11:22.496403Z,,,
T-174,T-174,C-028,permit,fixed_expedition,15000.0,0.0,active,0,2025-09-29T08:11:22.496403Z,2025-09-29T08:11:22.496403Z,,,
T-175,T-175,C-028,permit,fixed_expedition,15000.0,0.0,active,0,2025-09-29T08:11:22.496403Z,2025-09-29T08:11:22.496403Z,,,
T-176,T-176,C-028,permit,fixed_expedition,20000.0,0.0,active,0,2025-09-29T08:11:22.496403Z,2025-09-29T08:11:22.496403Z,,,
T-177,T-177,C-029,other,fixed_expedition,15000.0,0.0,active,0,2025-09-29T08:11:22.496403Z,2025-09-29T08:11:22.496403Z,,,
T-178,T-178,C-029,other,fixed_expedition,30000.0,0.0,active,0,2025-09-29T08:11:22.496403Z,2025-09-29T08:11:22.496403Z,,,
T-179,T-179,C-029,other,fixed_expedition,20000.0,0.0,active,0,2025-09-29T08:11:22.496403Z,2025-09-29T08:11:22.496403Z,,,
T-180,T-180,C-029,permit,fixed_expedition,50000.0,0.0,active,0,2025-09-29T08:11:22.496403Z,2025-09-29T08:11:22.496403Z,,,
T-181,T-181,C-029,permit,fixed_expedition,50000.0,0.0,active,0,2025-09-29T08:11:22.496403Z,2025-09-29T08:11:22.496403Z,,,
T-182,T-182,C-029,permit,fixed_expedition,50000.0,0.0,active,0,2025-09-29T08:11:22.496403Z,2025-09-29T08:11:22.496403Z,,,
T-183,T-183,C-029,license,fixed_expedition,100000.0,0.0,active,0,2025-09-29T08:11:22.496403Z,2025-09-29T08:11:22.496403Z,,,
T-184,T-184,C-029,license,fixed_expedition,10000.0,0.0,active,0,2025-09-29T08:11:22.496403Z,2025-09-29T08:11:22.496403Z,,,
T-185,T-185,C-029,license,fixed_expedition,135000.0,0.0,active,0,2025-09-29T08:11:22.496403Z,2025-09-29T08:11:22.496403Z,,,
T-186,T-186,C-029,permit,fixed_expedition,400000.0,0.0,active,0,2025-09-29T08:11:22.496403Z,2025-09-29T08:11:22.496403Z,,,
T-187,T-187,C-029,other,formula_based,0.0,0.0,active,0,2025-09-29T08:11:22.496403Z,2025-09-29T08:11:22.496403Z,custom_calculation(input_params),,"{""calculation_type"": ""custom"", ""description"": ""Calcul selon critères spécifiques du service"", ""requires_input"": true}"
T-188,T-188,C-029,other,formula_based,0.0,0.0,active,0,2025-09-29T08:11:22.496403Z,2025-09-29T08:11:22.496403Z,custom_calculation(input_params),,"{""calculation_type"": ""custom"", ""description"": ""Calcul selon critères spécifiques du service"", ""requires_input"": true}"
T-189,T-189,C-029,other,fixed_expedition,10000.0,0.0,active,0,2025-09-29T08:11:22.496403Z,2025-09-29T08:11:22.496403Z,,,
T-190,T-190,C-029,other,fixed_expedition,10000.0,0.0,active,0,2025-09-29T08:11:22.496403Z,2025-09-29T08:11:22.496403Z,,,
T-191,T-191,C-030,certificate,fixed_expedition,5000.0,0.0,active,0,2025-09-29T08:11:22.496403Z,2025-09-29T08:11:22.496403Z,,,
T-192,T-192,C-030,certificate,fixed_expedition,2000.0,0.0,active,0,2025-09-29T08:11:22.496403Z,2025-09-29T08:11:22.496403Z,,,
T-193,T-193,C-030,certificate,fixed_expedition,2000.0,0.0,active,0,2025-09-29T08:11:22.496403Z,2025-09-29T08:11:22.496403Z,,,
T-194,T-194,C-030,certificate,fixed_expedition,2000.0,0.0,active,0,2025-09-29T08:11:22.496403Z,2025-09-29T08:11:22.496403Z,,,
T-195,T-195,C-031,other,formula_based,0.0,0.0,active,0,2025-09-29T08:11:22.496403Z,2025-09-29T08:11:22.496403Z,custom_calculation(input_params),,"{""calculation_type"": ""custom"", ""description"": ""Calcul selon critères spécifiques du service"", ""requires_input"": true}"
T-196,T-196,C-031,other,fixed_expedition,5000.0,0.0,active,0,2025-09-29T08:11:22.496403Z,2025-09-29T08:11:22.496403Z,,,
T-197,T-197,C-031,permit,formula_based,0.0,0.0,active,0,2025-09-29T08:11:22.496403Z,2025-09-29T08:11:22.496403Z,custom_calculation(input_params),,"{""calculation_type"": ""custom"", ""description"": ""Calcul selon critères spécifiques du service"", ""requires_input"": true}"
T-198,T-198,C-031,other,formula_based,0.0,0.0,active,0,2025-09-29T08:11:22.496403Z,2025-09-29T08:11:22.496403Z,custom_calculation(input_params),,"{""calculation_type"": ""custom"", ""description"": ""Calcul selon critères spécifiques du service"", ""requires_input"": true}"
T-199,T-199,C-031,other,formula_based,0.0,0.0,active,0,2025-09-29T08:11:22.496403Z,2025-09-29T08:11:22.496403Z,custom_calculation(input_params),,"{""calculation_type"": ""custom"", ""description"": ""Calcul selon critères spécifiques du service"", ""requires_input"": true}"
T-200,T-200,C-031,other,formula_based,0.0,0.0,active,0,2025-09-29T08:11:22.496403Z,2025-09-29T08:11:22.496403Z,custom_calculation(input_params),,"{""calculation_type"": ""custom"", ""description"": ""Calcul selon critères spécifiques du service"", ""requires_input"": true}"
T-223,T-223,C-039,permit,fixed_both,60000.0,40000.0,active,0,2025-09-29T08:11:22.496403Z,2025-09-29T08:11:22.496403Z,,,
T-224,T-224,C-039,other,fixed_both,30000.0,15000.0,active,0,2025-09-29T08:11:22.496403Z,2025-09-29T08:11:22.496403Z,,,
T-225,T-225,C-039,other,fixed_both,70000.0,35000.0,active,0,2025-09-29T08:11:22.496403Z,2025-09-29T08:11:22.496403Z,,,
T-226,T-226,C-039,other,fixed_both,15000.0,10000.0,active,0,2025-09-29T08:11:22.496403Z,2025-09-29T08:11:22.496403Z,,,
T-227,T-227,C-039,other,fixed_both,20000.0,10000.0,active,0,2025-09-29T08:11:22.496403Z,2025-09-29T08:11:22.496403Z,,,
T-228,T-228,C-039,other,fixed_both,30000.0,20000.0,active,0,2025-09-29T08:11:22.496403Z,2025-09-29T08:11:22.496403Z,,,
T-229,T-229,C-039,other,fixed_both,60000.0,40000.0,active,0,2025-09-29T08:11:22.496403Z,2025-09-29T08:11:22.496403Z,,,
T-230,T-230,C-039,other,fixed_both,90000.0,50000.0,active,0,2025-09-29T08:11:22.496403Z,2025-09-29T08:11:22.496403Z,,,
T-231,T-231,C-039,other,fixed_both,100000.0,70000.0,active,0,2025-09-29T08:11:22.496403Z,2025-09-29T08:11:22.496403Z,,,
T-232,T-232,C-039,other,fixed_both,150000.0,100000.0,active,0,2025-09-29T08:11:22.496403Z,2025-09-29T08:11:22.496403Z,,,
T-233,T-233,C-039,other,fixed_both,30000.0,40000.0,active,0,2025-09-29T08:11:22.496403Z,2025-09-29T08:11:22.496403Z,,,
T-234,T-234,C-039,other,fixed_both,30000.0,30000.0,active,0,2025-09-29T08:11:22.496403Z,2025-09-29T08:11:22.496403Z,,,
T-235,T-235,C-039,other,fixed_both,30000.0,25000.0,active,0,2025-09-29T08:11:22.496403Z,2025-09-29T08:11:22.496403Z,,,
T-236,T-236,C-039,other,fixed_both,2000.0,1000.0,active,0,2025-09-29T08:11:22.496403Z,2025-09-29T08:11:22.496403Z,,,
T-237,T-237,C-039,other,fixed_both,30000.0,35000.0,active,0,2025-09-29T08:11:22.496403Z,2025-09-29T08:11:22.496403Z,,,
T-238,T-238,C-039,other,fixed_both,30000.0,20000.0,active,0,2025-09-29T08:11:22.496403Z,2025-09-29T08:11:22.496403Z,,,
T-239,T-239,C-039,other,fixed_both,70000.0,50000.0,active,0,2025-09-29T08:11:22.496403Z,2025-09-29T08:11:22.496403Z,,,
T-240,T-240,C-039,other,fixed_both,70000.0,65000.0,active,0,2025-09-29T08:11:22.496403Z,2025-09-29T08:11:22.496403Z,,,
T-241,T-241,C-039,other,fixed_both,30000.0,20000.0,active,0,2025-09-29T08:11:22.496403Z,2025-09-29T08:11:22.496403Z,,,
T-242,T-242,C-039,other,fixed_both,100000.0,70000.0,active,0,2025-09-29T08:11:22.496403Z,2025-09-29T08:11:22.496403Z,,,
T-243,T-243,C-039,other,fixed_both,20000.0,20000.0,active,0,2025-09-29T08:11:22.496403Z,2025-09-29T08:11:22.496403Z,,,
T-244,T-244,C-039,other,fixed_both,10000.0,10000.0,active,0,2025-09-29T08:11:22.496403Z,2025-09-29T08:11:22.496403Z,,,
T-245,T-245,C-039,other,fixed_both,20000.0,20000.0,active,0,2025-09-29T08:11:22.496403Z,2025-09-29T08:11:22.496403Z,,,
T-246,T-246,C-039,other,fixed_both,70000.0,65000.0,active,0,2025-09-29T08:11:22.496403Z,2025-09-29T08:11:22.496403Z,,,
T-247,T-247,C-039,other,fixed_both,20000.0,15000.0,active,0,2025-09-29T08:11:22.496403Z,2025-09-29T08:11:22.496403Z,,,
T-248,T-248,C-039,other,fixed_both,15000.0,15000.0,active,0,2025-09-29T08:11:22.496403Z,2025-09-29T08:11:22.496403Z,,,
T-249,T-249,C-039,other,fixed_both,7000.0,6000.0,active,0,2025-09-29T08:11:22.496403Z,2025-09-29T08:11:22.496403Z,,,
T-250,T-250,C-039,other,fixed_both,5000.0,4000.0,active,0,2025-09-29T08:11:22.496403Z,2025-09-29T08:11:22.496403Z,,,
T-251,T-251,C-039,other,fixed_both,5000.0,4000.0,active,0,2025-09-29T08:11:22.496403Z,2025-09-29T08:11:22.496403Z,,,
T-252,T-252,C-039,other,fixed_both,6000.0,5000.0,active,0,2025-09-29T08:11:22.496403Z,2025-09-29T08:11:22.496403Z,,,
T-253,T-253,C-039,other,fixed_both,5000.0,2500.0,active,0,2025-09-29T08:11:22.496403Z,2025-09-29T08:11:22.496403Z,,,
T-254,T-254,C-039,certificate,fixed_both,2000.0,2000.0,active,0,2025-09-29T08:11:22.496403Z,2025-09-29T08:11:22.496403Z,,,
T-255,T-255,C-039,certificate,fixed_expedition,0.06,0.0,active,0,2025-09-29T08:11:22.496403Z,2025-09-29T08:11:22.496403Z,,,
T-256,T-256,C-039,other,fixed_expedition,500.0,0.0,active,0,2025-09-29T08:11:22.496403Z,2025-09-29T08:11:22.496403Z,,,
T-257,T-257,C-039,other,fixed_both,15000.0,15000.0,active,0,2025-09-29T08:11:22.496403Z,2025-09-29T08:11:22.496403Z,,,
T-258,T-258,C-039,other,fixed_both,10000.0,8000.0,active,0,2025-09-29T08:11:22.496403Z,2025-09-29T08:11:22.496403Z,,,
T-259,T-259,C-039,other,fixed_both,7000.0,6000.0,active,0,2025-09-29T08:11:22.496403Z,2025-09-29T08:11:22.496403Z,,,
T-260,T-260,C-039,other,fixed_both,15000.0,10000.0,active,0,2025-09-29T08:11:22.496403Z,2025-09-29T08:11:22.496403Z,,,
T-261,T-261,C-039,other,fixed_both,20000.0,15000.0,active,0,2025-09-29T08:11:22.496403Z,2025-09-29T08:11:22.496403Z,,,
T-262,T-262,C-039,other,fixed_both,15000.0,10000.0,active,0,2025-09-29T08:11:22.496403Z,2025-09-29T08:11:22.496403Z,,,
T-263,T-263,C-039,other,fixed_both,10000.0,5000.0,active,0,2025-09-29T08:11:22.496403Z,2025-09-29T08:11:22.496403Z,,,
T-264,T-264,C-039,other,fixed_both,15000.0,10000.0,active,0,2025-09-29T08:11:22.496403Z,2025-09-29T08:11:22.496403Z,,,
T-265,T-265,C-039,other,fixed_both,5000.0,3500.0,active,0,2025-09-29T08:11:22.496403Z,2025-09-29T08:11:22.496403Z,,,
T-266,T-266,C-039,other,fixed_both,2000.0,1500.0,active,0,2025-09-29T08:11:22.496403Z,2025-09-29T08:11:22.496403Z,,,
T-267,T-267,C-039,other,fixed_both,500000.0,350000.0,active,0,2025-09-29T08:11:22.496403Z,2025-09-29T08:11:22.496403Z,,,
T-268,T-268,C-039,other,fixed_both,100000.0,300000.0,active,0,2025-09-29T08:11:22.496403Z,2025-09-29T08:11:22.496403Z,,,
T-269,T-269,C-039,other,fixed_both,75000.0,200000.0,active,0,2025-09-29T08:11:22.496403Z,2025-09-29T08:11:22.496403Z,,,
T-270,T-270,C-039,other,fixed_both,50000.0,100000.0,active,0,2025-09-29T08:11:22.496403Z,2025-09-29T08:11:22.496403Z,,,
T-271,T-271,C-039,other,fixed_both,35000.0,75000.0,active,0,2025-09-29T08:11:22.496403Z,2025-09-29T08:11:22.496403Z,,,
T-272,T-272,C-039,other,fixed_both,30000.0,50000.0,active,0,2025-09-29T08:11:22.496403Z,2025-09-29T08:11:22.496403Z,,,
T-273,T-273,C-039,certificate,fixed_both,150000.0,150000.0,active,0,2025-09-29T08:11:22.496403Z,2025-09-29T08:11:22.496403Z,,,
T-274,T-274,C-039,other,fixed_both,100000.0,75000.0,active,0,2025-09-29T08:11:22.496403Z,2025-09-29T08:11:22.496403Z,,,
T-275,T-275,C-039,other,fixed_both,75000.0,60000.0,active,0,2025-09-29T08:11:22.496403Z,2025-09-29T08:11:22.496403Z,,,
T-276,T-276,C-039,other,fixed_both,150000.0,100000.0,active,0,2025-09-29T08:11:22.496403Z,2025-09-29T08:11:22.496403Z,,,
T-277,T-277,C-039,other,fixed_both,100000.0,75000.0,active,0,2025-09-29T08:11:22.496403Z,2025-09-29T08:11:22.496403Z,,,
T-278,T-278,C-039,other,fixed_both,100000.0,75000.0,active,0,2025-09-29T08:11:22.496403Z,2025-09-29T08:11:22.496403Z,,,
T-279,T-279,C-039,other,fixed_both,75000.0,60000.0,active,0,2025-09-29T08:11:22.496403Z,2025-09-29T08:11:22.496403Z,,,
T-280,T-280,C-039,other,fixed_both,50000.0,30000.0,active,0,2025-09-29T08:11:22.496403Z,2025-09-29T08:11:22.496403Z,,,
T-281,T-281,C-039,other,fixed_both,500000.0,300000.0,active,0,2025-09-29T08:11:22.496403Z,2025-09-29T08:11:22.496403Z,,,
T-282,T-282,C-039,other,fixed_both,300000.0,200000.0,active,0,2025-09-29T08:11:22.496403Z,2025-09-29T08:11:22.496403Z,,,
T-283,T-283,C-039,other,fixed_both,700000.0,1000000.0,active,0,2025-09-29T08:11:22.496403Z,2025-09-29T08:11:22.496403Z,,,
T-284,T-284,C-039,other,fixed_expedition,50000.0,0.0,active,0,2025-09-29T08:11:22.496403Z,2025-09-29T08:11:22.496403Z,,,
T-285,T-285,C-039,other,fixed_expedition,25000.0,0.0,active,0,2025-09-29T08:11:22.496403Z,2025-09-29T08:11:22.496403Z,,,
T-286,T-286,C-039,other,fixed_both,700000.0,1000000.0,active,0,2025-09-29T08:11:22.496403Z,2025-09-29T08:11:22.496403Z,,,
T-287,T-287,C-039,other,fixed_expedition,25000.0,0.0,active,0,2025-09-29T08:11:22.496403Z,2025-09-29T08:11:22.496403Z,,,
T-288,T-288,C-039,other,fixed_both,120000.0,80000.0,active,0,2025-09-29T08:11:22.496403Z,2025-09-29T08:11:22.496403Z,,,
T-289,T-289,C-039,other,formula_based,0.0,0.0,active,0,2025-09-29T08:11:22.496403Z,2025-09-29T08:11:22.496403Z,custom_calculation(input_params),,"{""calculation_type"": ""custom"", ""description"": ""Calcul selon critères spécifiques du service"", ""requires_input"": true}"
T-290,T-290,C-039,other,fixed_both,90000.0,50000.0,active,0,2025-09-29T08:11:22.496403Z,2025-09-29T08:11:22.496403Z,,,
T-291,T-291,C-039,other,fixed_both,60000.0,40000.0,active,0,2025-09-29T08:11:22.496403Z,2025-09-29T08:11:22.496403Z,,,
T-292,T-292,C-039,other,fixed_both,60000.0,40000.0,active,0,2025-09-29T08:11:22.496403Z,2025-09-29T08:11:22.496403Z,,,
T-293,T-293,C-039,permit,formula_based,0.0,0.0,active,0,2025-09-29T08:11:22.496403Z,2025-09-29T08:11:22.496403Z,custom_calculation(input_params),,"{""calculation_type"": ""custom"", ""description"": ""Calcul selon critères spécifiques du service"", ""requires_input"": true}"
T-294,T-294,C-039,permit,fixed_expedition,15000.0,0.0,active,0,2025-09-29T08:11:22.496403Z,2025-09-29T08:11:22.496403Z,,,
T-295,T-295,C-039,other,fixed_both,50000.0,40000.0,active,0,2025-09-29T08:11:22.496403Z,2025-09-29T08:11:22.496403Z,,,
T-296,T-296,C-039,other,fixed_both,30000.0,25000.0,active,0,2025-09-29T08:11:22.496403Z,2025-09-29T08:11:22.496403Z,,,
T-297,T-297,C-039,other,fixed_both,150000.0,90000.0,active,0,2025-09-29T08:11:22.496403Z,2025-09-29T08:11:22.496403Z,,,
T-298,T-298,C-039,other,fixed_both,80000.0,50000.0,active,0,2025-09-29T08:11:22.496403Z,2025-09-29T08:11:22.496403Z,,,
T-331,T-331,C-044,permit,fixed_expedition,10000.0,0.0,active,0,2025-09-29T08:11:22.496403Z,2025-09-29T08:11:22.496403Z,,,
T-332,T-332,C-044,permit,fixed_expedition,10000.0,0.0,active,0,2025-09-29T08:11:22.496403Z,2025-09-29T08:11:22.496403Z,,,
T-333,T-333,C-044,permit,fixed_expedition,2000.0,0.0,active,0,2025-09-29T08:11:22.496403Z,2025-09-29T08:11:22.496403Z,,,
T-334,T-334,C-044,other,fixed_expedition,2000.0,0.0,active,0,2025-09-29T08:11:22.496403Z,2025-09-29T08:11:22.496403Z,,,
T-335,T-335,C-044,other,fixed_expedition,7500.0,0.0,active,0,2025-09-29T08:11:22.496403Z,2025-09-29T08:11:22.496403Z,,,
T-336,T-336,C-045,permit,formula_based,0.0,0.0,active,0,2025-09-29T08:11:22.496403Z,2025-09-29T08:11:22.496403Z,custom_calculation(input_params),,"{""calculation_type"": ""custom"", ""description"": ""Calcul selon critères spécifiques du service"", ""requires_input"": true}"
T-337,T-337,C-045,permit,formula_based,0.0,0.0,active,0,2025-09-29T08:11:22.496403Z,2025-09-29T08:11:22.496403Z,custom_calculation(input_params),,"{""calculation_type"": ""custom"", ""description"": ""Calcul selon critères spécifiques du service"", ""requires_input"": true}"
T-338,T-338,C-045,permit,fixed_expedition,5000.0,0.0,active,0,2025-09-29T08:11:22.496403Z,2025-09-29T08:11:22.496403Z,,,
T-339,T-339,C-045,permit,fixed_expedition,5000.0,0.0,active,0,2025-09-29T08:11:22.496403Z,2025-09-29T08:11:22.496403Z,,,
T-340,T-340,C-045,permit,fixed_expedition,10000.0,0.0,active,0,2025-09-29T08:11:22.496403Z,2025-09-29T08:11:22.496403Z,,,
T-341,T-341,C-046,other,fixed_expedition,50000.0,0.0,active,0,2025-09-29T08:11:22.496403Z,2025-09-29T08:11:22.496403Z,,,
T-342,T-342,C-046,other,fixed_expedition,30000.0,0.0,active,0,2025-09-29T08:11:22.496403Z,2025-09-29T08:11:22.496403Z,,,
T-343,T-343,C-046,other,fixed_expedition,25000.0,0.0,active,0,2025-09-29T08:11:22.496403Z,2025-09-29T08:11:22.496403Z,,,
T-344,T-344,C-046,other,fixed_expedition,20000.0,0.0,active,0,2025-09-29T08:11:22.496403Z,2025-09-29T08:11:22.496403Z,,,
T-345,T-345,C-046,other,fixed_expedition,5000.0,0.0,active,0,2025-09-29T08:11:22.496403Z,2025-09-29T08:11:22.496403Z,,,
T-346,T-346,C-046,registration,fixed_expedition,15000.0,0.0,active,0,2025-09-29T08:11:22.496403Z,2025-09-29T08:11:22.496403Z,,,
T-347,T-347,C-046,other,fixed_expedition,100000.0,0.0,active,0,2025-09-29T08:11:22.496403Z,2025-09-29T08:11:22.496403Z,,,
T-348,T-348,C-046,other,fixed_expedition,150000.0,0.0,active,0,2025-09-29T08:11:22.496403Z,2025-09-29T08:11:22.496403Z,,,
T-349,T-349,C-046,other,fixed_expedition,5000.0,0.0,active,0,2025-09-29T08:11:22.496403Z,2025-09-29T08:11:22.496403Z,,,
T-350,T-350,C-046,registration,fixed_expedition,6000.0,0.0,active,0,2025-09-29T08:11:22.496403Z,2025-09-29T08:11:22.496403Z,,,
T-351,T-351,C-046,registration,fixed_expedition,2000.0,0.0,active,0,2025-09-29T08:11:22.496403Z,2025-09-29T08:11:22.496403Z,,,
T-352,T-352,C-046,other,fixed_expedition,6000.0,0.0,active,0,2025-09-29T08:11:22.496403Z,2025-09-29T08:11:22.496403Z,,,
T-353,T-353,C-046,other,fixed_expedition,5000.0,0.0,active,0,2025-09-29T08:11:22.496403Z,2025-09-29T08:11:22.496403Z,,,
T-354,T-354,C-046,other,fixed_expedition,10000.0,0.0,active,0,2025-09-29T08:11:22.496403Z,2025-09-29T08:11:22.496403Z,,,
T-355,T-355,C-046,license,fixed_expedition,5000.0,0.0,active,0,2025-09-29T08:11:22.496403Z,2025-09-29T08:11:22.496403Z,,,
T-356,T-356,C-046,other,fixed_expedition,5000.0,0.0,active,0,2025-09-29T08:11:22.496403Z,2025-09-29T08:11:22.496403Z,,,
T-357,T-357,C-046,other,fixed_expedition,5000.0,0.0,active,0,2025-09-29T08:11:22.496403Z,2025-09-29T08:11:22.496403Z,,,
T-358,T-358,C-047,registration,formula_based,0.0,0.0,active,0,2025-09-29T08:11:22.496403Z,2025-09-29T08:11:22.496403Z,custom_calculation(input_params),,"{""calculation_type"": ""custom"", ""description"": ""Calcul selon critères spécifiques du service"", ""requires_input"": true}"
T-359,T-359,C-047,other,fixed_expedition,500.0,0.0,active,0,2025-09-29T08:11:22.496403Z,2025-09-29T08:11:22.496403Z,,,
T-360,T-360,C-047,other,fixed_expedition,200.0,0.0,active,0,2025-09-29T08:11:22.496403Z,2025-09-29T08:11:22.496403Z,,,
T-361,T-361,C-047,other,fixed_expedition,2000.0,0.0,active,0,2025-09-29T08:11:22.496403Z,2025-09-29T08:11:22.496403Z,,,
T-362,T-362,C-047,other,fixed_expedition,1000.0,0.0,active,0,2025-09-29T08:11:22.496403Z,2025-09-29T08:11:22.496403Z,,,
T-363,T-363,C-047,registration,fixed_expedition,3000.0,0.0,active,0,2025-09-29T08:11:22.496403Z,2025-09-29T08:11:22.496403Z,,,
T-364,T-364,C-047,registration,fixed_expedition,3000.0,0.0,active,0,2025-09-29T08:11:22.496403Z,2025-09-29T08:11:22.496403Z,,,
T-365,T-365,C-047,registration,fixed_expedition,3000.0,0.0,active,0,2025-09-29T08:11:22.496403Z,2025-09-29T08:11:22.496403Z,,,
T-366,T-366,C-047,registration,fixed_expedition,3000.0,0.0,active,0,2025-09-29T08:11:22.496403Z,2025-09-29T08:11:22.496403Z,,,
T-367,T-367,C-047,registration,fixed_expedition,7000.0,0.0,active,0,2025-09-29T08:11:22.496403Z,2025-09-29T08:11:22.496403Z,,,
T-368,T-368,C-048,other,fixed_expedition,25000.0,0.0,active,0,2025-09-29T08:11:22.496403Z,2025-09-29T08:11:22.496403Z,,,
T-369,T-369,C-048,other,fixed_expedition,50000.0,0.0,active,0,2025-09-29T08:11:22.496403Z,2025-09-29T08:11:22.496403Z,,,
T-370,T-370,C-048,other,fixed_expedition,10000.0,0.0,active,0,2025-09-29T08:11:22.496403Z,2025-09-29T08:11:22.496403Z,,,
T-371,T-371,C-048,other,fixed_expedition,150000.0,0.0,active,0,2025-09-29T08:11:22.496403Z,2025-09-29T08:11:22.496403Z,,,
T-372,T-372,C-049,registration,fixed_expedition,1500.0,0.0,active,0,2025-09-29T08:11:22.496403Z,2025-09-29T08:11:22.496403Z,,,
T-373,T-373,C-049,registration,fixed_expedition,1500.0,0.0,active,0,2025-09-29T08:11:22.496403Z,2025-09-29T08:11:22.496403Z,,,
T-374,T-374,C-049,registration,fixed_expedition,4500.0,0.0,active,0,2025-09-29T08:11:22.496403Z,2025-09-29T08:11:22.496403Z,,,
T-375,T-375,C-049,registration,fixed_expedition,4500.0,0.0,active,0,2025-09-29T08:11:22.496403Z,2025-09-29T08:11:22.496403Z,,,
T-376,T-376,C-050,other,fixed_expedition,5000.0,0.0,active,0,2025-09-29T08:11:22.496403Z,2025-09-29T08:11:22.496403Z,,,
T-377,T-377,C-050,other,fixed_expedition,5000.0,0.0,active,0,2025-09-29T08:11:22.496403Z,2025-09-29T08:11:22.496403Z,,,
T-378,T-378,C-050,other,fixed_expedition,5000.0,0.0,active,0,2025-09-29T08:11:22.496403Z,2025-09-29T08:11:22.496403Z,,,
T-379,T-379,C-050,other,fixed_expedition,5000.0,0.0,active,0,2025-09-29T08:11:22.496403Z,2025-09-29T08:11:22.496403Z,,,
T-380,T-380,C-050,other,fixed_expedition,20000.0,0.0,active,0,2025-09-29T08:11:22.496403Z,2025-09-29T08:11:22.496403Z,,,
T-381,T-381,C-051,registration,fixed_expedition,2500.0,0.0,active,0,2025-09-29T08:11:22.496403Z,2025-09-29T08:11:22.496403Z,,,
T-382,T-382,C-051,registration,fixed_expedition,6000.0,0.0,active,0,2025-09-29T08:11:22.496403Z,2025-09-29T08:11:22.496403Z,,,
T-383,T-383,C-052,other,fixed_expedition,2500.0,0.0,active,0,2025-09-29T08:11:22.496403Z,2025-09-29T08:11:22.496403Z,,,
T-384,T-384,C-053,other,fixed_expedition,2000.0,0.0,active,0,2025-09-29T08:11:22.496403Z,2025-09-29T08:11:22.496403Z,,,
T-385,T-385,C-053,other,fixed_expedition,3000.0,0.0,active,0,2025-09-29T08:11:22.496403Z,2025-09-29T08:11:22.496403Z,,,
T-386,T-386,C-054,license,fixed_expedition,7000.0,0.0,active,0,2025-09-29T08:11:22.496403Z,2025-09-29T08:11:22.496403Z,,,
T-387,T-387,C-054,registration,fixed_expedition,7000.0,0.0,active,0,2025-09-29T08:11:22.496403Z,2025-09-29T08:11:22.496403Z,,,
T-398,T-398,C-057,registration,fixed_renewal,0.0,125000.0,active,0,2025-09-29T08:11:22.496403Z,2025-09-29T08:11:22.496403Z,,,
T-399,T-399,C-057,registration,fixed_renewal,0.0,75000.0,active,0,2025-09-29T08:11:22.496403Z,2025-09-29T08:11:22.496403Z,,,
T-400,T-400,C-057,certificate,fixed_renewal,0.0,350000.0,active,0,2025-09-29T08:11:22.496403Z,2025-09-29T08:11:22.496403Z,,,
T-401,T-401,C-057,other,fixed_renewal,0.0,25000.0,active,0,2025-09-29T08:11:22.496403Z,2025-09-29T08:11:22.496403Z,,,
T-402,T-402,C-058,certificate,fixed_expedition,27500.0,0.0,active,0,2025-09-29T08:11:22.496403Z,2025-09-29T08:11:22.496403Z,,,
T-403,T-403,C-059,permit,fixed_expedition,1000.0,0.0,active,0,2025-09-29T08:11:22.496403Z,2025-09-29T08:11:22.496403Z,,,
T-404,T-404,C-059,other,fixed_expedition,0.4,0.0,active,0,2025-09-29T08:11:22.496403Z,2025-09-29T08:11:22.496403Z,,,
T-405,T-405,C-060,certificate,fixed_expedition,2000.0,0.0,active,0,2025-09-29T08:11:22.496403Z,2025-09-29T08:11:22.496403Z,,,
T-406,T-406,C-060,declaration,fixed_expedition,30000.0,0.0,active,0,2025-09-29T08:11:22.496403Z,2025-09-29T08:11:22.496403Z,,,
T-407,T-407,C-060,certificate,fixed_expedition,10000.0,0.0,active,0,2025-09-29T08:11:22.496403Z,2025-09-29T08:11:22.496403Z,,,
T-408,T-408,C-060,other,fixed_expedition,20000.0,0.0,active,0,2025-09-29T08:11:22.496403Z,2025-09-29T08:11:22.496403Z,,,
T-409,T-409,C-061,certificate,fixed_expedition,2000.0,0.0,active,0,2025-09-29T08:11:22.496403Z,2025-09-29T08:11:22.496403Z,,,
T-410,T-410,C-062,other,fixed_expedition,1500000.0,0.0,active,0,2025-09-29T08:11:22.496403Z,2025-09-29T08:11:22.496403Z,,,
T-411,T-411,C-062,other,fixed_expedition,600000.0,0.0,active,0,2025-09-29T08:11:22.496403Z,2025-09-29T08:11:22.496403Z,,,
T-412,T-412,C-062,other,fixed_expedition,600000.0,0.0,active,0,2025-09-29T08:11:22.496403Z,2025-09-29T08:11:22.496403Z,,,
T-413,T-413,C-063,other,fixed_expedition,180000.0,0.0,active,0,2025-09-29T08:11:22.496403Z,2025-09-29T08:11:22.496403Z,,,
T-414,T-414,C-063,other,fixed_expedition,150000.0,0.0,active,0,2025-09-29T08:11:22.496403Z,2025-09-29T08:11:22.496403Z,,,
T-415,T-415,C-063,other,fixed_expedition,100000.0,0.0,active,0,2025-09-29T08:11:22.496403Z,2025-09-29T08:11:22.496403Z,,,
T-416,T-416,C-064,other,fixed_expedition,3000.0,0.0,active,0,2025-09-29T08:11:22.496403Z,2025-09-29T08:11:22.496403Z,,,
T-417,T-417,C-064,other,fixed_expedition,5000.0,0.0,active,0,2025-09-29T08:11:22.496403Z,2025-09-29T08:11:22.496403Z,,,
T-418,T-418,C-064,other,fixed_expedition,8000.0,0.0,active,0,2025-09-29T08:11:22.496403Z,2025-09-29T08:11:22.496403Z,,,
T-419,T-419,C-064,other,fixed_expedition,8000.0,0.0,active,0,2025-09-29T08:11:22.496403Z,2025-09-29T08:11:22.496403Z,,,
T-420,T-420,C-064,other,fixed_expedition,8000.0,0.0,active,0,2025-09-29T08:11:22.496403Z,2025-09-29T08:11:22.496403Z,,,
T-421,T-421,C-064,other,fixed_expedition,15000.0,0.0,active,0,2025-09-29T08:11:22.496403Z,2025-09-29T08:11:22.496403Z,,,
T-422,T-422,C-064,other,fixed_expedition,18000.0,0.0,active,0,2025-09-29T08:11:22.496403Z,2025-09-29T08:11:22.496403Z,,,
T-423,T-423,C-064,other,fixed_expedition,20000.0,0.0,active,0,2025-09-29T08:11:22.496403Z,2025-09-29T08:11:22.496403Z,,,
T-424,T-424,C-064,other,fixed_expedition,15000.0,0.0,active,0,2025-09-29T08:11:22.496403Z,2025-09-29T08:11:22.496403Z,,,
T-425,T-425,C-065,other,fixed_expedition,250000.0,0.0,active,0,2025-09-29T08:11:22.496403Z,2025-09-29T08:11:22.496403Z,,,
T-426,T-426,C-065,other,fixed_expedition,500000.0,0.0,active,0,2025-09-29T08:11:22.496403Z,2025-09-29T08:11:22.496403Z,,,
T-427,T-427,C-065,other,fixed_expedition,150000.0,0.0,active,0,2025-09-29T08:11:22.496403Z,2025-09-29T08:11:22.496403Z,,,
T-428,T-428,C-065,other,fixed_expedition,300000.0,0.0,active,0,2025-09-29T08:11:22.496403Z,2025-09-29T08:11:22.496403Z,,,
T-429,T-429,C-065,other,fixed_expedition,350000.0,0.0,active,0,2025-09-29T08:11:22.496403Z,2025-09-29T08:11:22.496403Z,,,
T-430,T-430,C-065,other,fixed_expedition,75000.0,0.0,active,0,2025-09-29T08:11:22.496403Z,2025-09-29T08:11:22.496403Z,,,
T-431,T-431,C-065,other,fixed_expedition,150000.0,0.0,active,0,2025-09-29T08:11:22.496403Z,2025-09-29T08:11:22.496403Z,,,
T-432,T-432,C-065,other,fixed_expedition,200000.0,0.0,active,0,2025-09-29T08:11:22.496403Z,2025-09-29T08:11:22.496403Z,,,
T-433,T-433,C-065,other,fixed_expedition,50000.0,0.0,active,0,2025-09-29T08:11:22.496403Z,2025-09-29T08:11:22.496403Z,,,
T-434,T-434,C-065,other,fixed_expedition,150000.0,0.0,active,0,2025-09-29T08:11:22.496403Z,2025-09-29T08:11:22.496403Z,,,
T-435,T-435,C-065,other,fixed_expedition,200000.0,0.0,active,0,2025-09-29T08:11:22.496403Z,2025-09-29T08:11:22.496403Z,,,
T-436,T-436,C-066,other,fixed_expedition,594000.0,0.0,active,0,2025-09-29T08:11:22.496403Z,2025-09-29T08:11:22.496403Z,,,
T-437,T-437,C-066,other,fixed_expedition,298000.0,0.0,active,0,2025-09-29T08:11:22.496403Z,2025-09-29T08:11:22.496403Z,,,
T-438,T-438,C-066,other,fixed_expedition,384000.0,0.0,active,0,2025-09-29T08:11:22.496403Z,2025-09-29T08:11:22.496403Z,,,
T-439,T-439,C-066,other,fixed_expedition,384000.0,0.0,active,0,2025-09-29T08:11:22.496403Z,2025-09-29T08:11:22.496403Z,,,
T-440,T-440,C-066,other,fixed_expedition,1180000.0,0.0,active,0,2025-09-29T08:11:22.496403Z,2025-09-29T08:11:22.496403Z,,,
T-441,T-441,C-066,other,fixed_expedition,598000.0,0.0,active,0,2025-09-29T08:11:22.496403Z,2025-09-29T08:11:22.496403Z,,,
T-442,T-442,C-066,other,fixed_expedition,984000.0,0.0,active,0,2025-09-29T08:11:22.496403Z,2025-09-29T08:11:22.496403Z,,,
T-443,T-443,C-066,other,fixed_expedition,384000.0,0.0,active,0,2025-09-29T08:11:22.496403Z,2025-09-29T08:11:22.496403Z,,,
T-444,T-444,C-067,other,fixed_expedition,180000.0,0.0,active,0,2025-09-29T08:11:22.496403Z,2025-09-29T08:11:22.496403Z,,,
T-445,T-445,C-067,other,fixed_expedition,150000.0,0.0,active,0,2025-09-29T08:11:22.496403Z,2025-09-29T08:11:22.496403Z,,,
T-446,T-446,C-067,other,fixed_expedition,100000.0,0.0,active,0,2025-09-29T08:11:22.496403Z,2025-09-29T08:11:22.496403Z,,,
T-447,T-447,C-068,other,fixed_expedition,1000.0,0.0,active,0,2025-09-29T08:11:22.496403Z,2025-09-29T08:11:22.496403Z,,,
T-448,T-448,C-068,other,fixed_expedition,1000.0,0.0,active,0,2025-09-29T08:11:22.496403Z,2025-09-29T08:11:22.496403Z,,,
T-449,T-449,C-068,other,fixed_expedition,1000.0,0.0,active,0,2025-09-29T08:11:22.496403Z,2025-09-29T08:11:22.496403Z,,,
T-450,T-450,C-068,other,fixed_expedition,1000.0,0.0,active,0,2025-09-29T08:11:22.496403Z,2025-09-29T08:11:22.496403Z,,,
T-451,T-451,C-068,other,fixed_expedition,1000.0,0.0,active,0,2025-09-29T08:11:22.496403Z,2025-09-29T08:11:22.496403Z,,,
T-452,T-452,C-069,other,fixed_expedition,5000.0,0.0,active,0,2025-09-29T08:11:22.496403Z,2025-09-29T08:11:22.496403Z,,,
T-453,T-453,C-069,other,fixed_expedition,1000.0,0.0,active,0,2025-09-29T08:11:22.496403Z,2025-09-29T08:11:22.496403Z,,,
T-454,T-454,C-069,other,fixed_expedition,25000.0,0.0,active,0,2025-09-29T08:11:22.496403Z,2025-09-29T08:11:22.496403Z,,,
T-455,T-455,C-069,other,fixed_expedition,20000.0,0.0,active,0,2025-09-29T08:11:22.496403Z,2025-09-29T08:11:22.496403Z,,,
T-456,T-456,C-069,other,fixed_expedition,150000.0,0.0,active,0,2025-09-29T08:11:22.496403Z,2025-09-29T08:11:22.496403Z,,,
T-457,T-457,C-069,other,fixed_expedition,150000.0,0.0,active,0,2025-09-29T08:11:22.496403Z,2025-09-29T08:11:22.496403Z,,,
T-458,T-458,C-069,other,fixed_expedition,150000.0,0.0,active,0,2025-09-29T08:11:22.496403Z,2025-09-29T08:11:22.496403Z,,,
T-459,T-459,C-069,other,fixed_expedition,150000.0,0.0,active,0,2025-09-29T08:11:22.496403Z,2025-09-29T08:11:22.496403Z,,,
T-460,T-460,C-069,other,fixed_expedition,150000.0,0.0,active,0,2025-09-29T08:11:22.496403Z,2025-09-29T08:11:22.496403Z,,,
T-461,T-461,C-069,other,fixed_expedition,180000.0,0.0,active,0,2025-09-29T08:11:22.496403Z,2025-09-29T08:11:22.496403Z,,,
T-462,T-462,C-070,registration,fixed_expedition,10000.0,0.0,active,0,2025-09-29T08:11:22.496403Z,2025-09-29T08:11:22.496403Z,,,
T-465,T-465,C-070,other,fixed_expedition,20000.0,0.0,active,0,2025-09-29T08:11:22.496403Z,2025-09-29T08:11:22.496403Z,,,
T-466,T-466,C-070,other,fixed_expedition,30000.0,0.0,active,0,2025-09-29T08:11:22.496403Z,2025-09-29T08:11:22.496403Z,,,
T-467,T-467,C-070,other,fixed_expedition,30000.0,0.0,active,0,2025-09-29T08:11:22.496403Z,2025-09-29T08:11:22.496403Z,,,
T-468,T-468,C-070,other,fixed_expedition,30000.0,0.0,active,0,2025-09-29T08:11:22.496403Z,2025-09-29T08:11:22.496403Z,,,
T-463,T-463,C-070,registration,fixed_expedition,15000.0,0.0,active,0,2025-09-29T08:11:22.496403Z,2025-09-29T08:11:22.496403Z,,,
T-464,T-464,C-071,other,fixed_expedition,10000.0,0.0,active,0,2025-09-29T08:11:22.496403Z,2025-09-29T08:11:22.496403Z,,,
T-465-1,T-465-1,C-071,other,fixed_expedition,20000.0,0.0,active,0,2025-09-29T08:11:22.496403Z,2025-09-29T08:11:22.496403Z,,,
T-466-1,T-466-1,C-071,other,fixed_expedition,30000.0,0.0,active,0,2025-09-29T08:11:22.496403Z,2025-09-29T08:11:22.496403Z,,,
T-467-1,T-467-1,C-071,other,fixed_expedition,30000.0,0.0,active,0,2025-09-29T08:11:22.496403Z,2025-09-29T08:11:22.496403Z,,,
T-468-1,T-468-1,C-071,other,fixed_expedition,30000.0,0.0,active,0,2025-09-29T08:11:22.496403Z,2025-09-29T08:11:22.496403Z,,,
T-469,T-469,C-071,other,fixed_expedition,30000.0,0.0,active,0,2025-09-29T08:11:22.496403Z,2025-09-29T08:11:22.496403Z,,,
T-470,T-470,C-071,other,fixed_expedition,10000.0,0.0,active,0,2025-09-29T08:11:22.496403Z,2025-09-29T08:11:22.496403Z,,,
T-471,T-471,C-071,other,fixed_expedition,15000.0,0.0,active,0,2025-09-29T08:11:22.496403Z,2025-09-29T08:11:22.496403Z,,,
T-472,T-472,C-072,license,fixed_expedition,1500.0,0.0,active,0,2025-09-29T08:11:22.496403Z,2025-09-29T08:11:22.496403Z,,,
T-473,T-473,C-072,other,fixed_expedition,1000.0,0.0,active,0,2025-09-29T08:11:22.496403Z,2025-09-29T08:11:22.496403Z,,,
T-474,T-474,C-072,other,fixed_expedition,65000.0,0.0,active,0,2025-09-29T08:11:22.496403Z,2025-09-29T08:11:22.496403Z,,,
T-475,T-475,C-073,other,fixed_expedition,30000.0,0.0,active,0,2025-09-29T08:11:22.496403Z,2025-09-29T08:11:22.496403Z,,,
T-476,T-476,C-073,other,fixed_expedition,50000.0,0.0,active,0,2025-09-29T08:11:22.496403Z,2025-09-29T08:11:22.496403Z,,,
T-477,T-477,C-073,other,fixed_expedition,5000.0,0.0,active,0,2025-09-29T08:11:22.496403Z,2025-09-29T08:11:22.496403Z,,,
T-478,T-478,C-073,registration,fixed_expedition,5000.0,0.0,active,0,2025-09-29T08:11:22.496403Z,2025-09-29T08:11:22.496403Z,,,
T-479,T-479,C-073,certificate,fixed_expedition,5000.0,0.0,active,0,2025-09-29T08:11:22.496403Z,2025-09-29T08:11:22.496403Z,,,
T-480,T-480,C-073,certificate,fixed_expedition,2500.0,0.0,active,0,2025-09-29T08:11:22.496403Z,2025-09-29T08:11:22.496403Z,,,
T-481,T-481,C-073,certificate,fixed_expedition,5000.0,0.0,active,0,2025-09-29T08:11:22.496403Z,2025-09-29T08:11:22.496403Z,,,
T-482,T-482,C-073,certificate,fixed_expedition,5000.0,0.0,active,0,2025-09-29T08:11:22.496403Z,2025-09-29T08:11:22.496403Z,,,
T-483,T-483,C-074,other,fixed_expedition,20000.0,0.0,active,0,2025-09-29T08:11:22.496403Z,2025-09-29T08:11:22.496403Z,,,
T-484,T-484,C-074,other,fixed_expedition,10000.0,0.0,active,0,2025-09-29T08:11:22.496403Z,2025-09-29T08:11:22.496403Z,,,
T-485,T-485,C-074,other,fixed_expedition,10000.0,0.0,active,0,2025-09-29T08:11:22.496403Z,2025-09-29T08:11:22.496403Z,,,
T-486,T-486,C-074,other,fixed_expedition,20000.0,0.0,active,0,2025-09-29T08:11:22.496403Z,2025-09-29T08:11:22.496403Z,,,
T-487,T-487,C-074,other,fixed_expedition,5000.0,0.0,active,0,2025-09-29T08:11:22.496403Z,2025-09-29T08:11:22.496403Z,,,
T-488,T-488,C-074,other,formula_based,0.0,0.0,active,0,2025-09-29T08:11:22.496403Z,2025-09-29T08:11:22.496403Z,custom_calculation(input_params),,"{""calculation_type"": ""custom"", ""description"": ""Calcul selon critères spécifiques du service"", ""requires_input"": true}"
T-489,T-489,C-074,other,formula_based,0.0,0.0,active,0,2025-09-29T08:11:22.496403Z,2025-09-29T08:11:22.496403Z,custom_calculation(input_params),,"{""calculation_type"": ""custom"", ""description"": ""Calcul selon critères spécifiques du service"", ""requires_input"": true}"
T-490,T-490,C-074,other,formula_based,0.0,0.0,active,0,2025-09-29T08:11:22.496403Z,2025-09-29T08:11:22.496403Z,custom_calculation(input_params),,"{""calculation_type"": ""custom"", ""description"": ""Calcul selon critères spécifiques du service"", ""requires_input"": true}"
T-491,T-491,C-074,other,formula_based,0.0,0.0,active,0,2025-09-29T08:11:22.496403Z,2025-09-29T08:11:22.496403Z,custom_calculation(input_params),,"{""calculation_type"": ""custom"", ""description"": ""Calcul selon critères spécifiques du service"", ""requires_input"": true}"
T-492,T-492,C-075,registration,fixed_expedition,30000.0,0.0,active,0,2025-09-29T08:11:22.496403Z,2025-09-29T08:11:22.496403Z,,,
T-493,T-493,C-075,other,fixed_expedition,5000.0,0.0,active,0,2025-09-29T08:11:22.496403Z,2025-09-29T08:11:22.496403Z,,,
T-494,T-494,C-075,registration,fixed_expedition,5000.0,0.0,active,0,2025-09-29T08:11:22.496403Z,2025-09-29T08:11:22.496403Z,,,
T-495,T-495,C-075,other,fixed_expedition,8000.0,0.0,active,0,2025-09-29T08:11:22.496403Z,2025-09-29T08:11:22.496403Z,,,
T-496,T-496,C-075,other,fixed_expedition,5000.0,0.0,active,0,2025-09-29T08:11:22.496403Z,2025-09-29T08:11:22.496403Z,,,
T-497,T-497,C-075,other,fixed_expedition,10000.0,0.0,active,0,2025-09-29T08:11:22.496403Z,2025-09-29T08:11:22.496403Z,,,
T-498,T-498,C-075,other,fixed_expedition,5000.0,0.0,active,0,2025-09-29T08:11:22.496403Z,2025-09-29T08:11:22.496403Z,,,
T-499,T-499,C-075,other,fixed_expedition,10000.0,0.0,active,0,2025-09-29T08:11:22.496403Z,2025-09-29T08:11:22.496403Z,,,
T-500,T-500,C-075,permit,fixed_expedition,10000.0,0.0,active,0,2025-09-29T08:11:22.496403Z,2025-09-29T08:11:22.496403Z,,,
T-501,T-501,C-076,other,fixed_expedition,300000.0,0.0,active,0,2025-09-29T08:11:22.496403Z,2025-09-29T08:11:22.496403Z,,,
T-502,T-502,C-076,other,fixed_expedition,1500000.0,0.0,active,0,2025-09-29T08:11:22.496403Z,2025-09-29T08:11:22.496403Z,,,
T-503,T-503,C-076,permit,fixed_expedition,1500000.0,0.0,active,0,2025-09-29T08:11:22.496403Z,2025-09-29T08:11:22.496403Z,,,
T-504,T-504,C-077,other,fixed_expedition,200000.0,0.0,active,0,2025-09-29T08:11:22.496403Z,2025-09-29T08:11:22.496403Z,,,
T-505,T-505,C-077,other,fixed_expedition,2500000.0,0.0,active,0,2025-09-29T08:11:22.496403Z,2025-09-29T08:11:22.496403Z,,,
T-506,T-506,C-078,registration,fixed_expedition,400000.0,0.0,active,0,2025-09-29T08:11:22.496403Z,2025-09-29T08:11:22.496403Z,,,
T-507,T-507,C-078,registration,fixed_expedition,500000.0,0.0,active,0,2025-09-29T08:11:22.496403Z,2025-09-29T08:11:22.496403Z,,,
T-508,T-508,C-078,other,fixed_expedition,400000.0,0.0,active,0,2025-09-29T08:11:22.496403Z,2025-09-29T08:11:22.496403Z,,,
T-509,T-509,C-078,permit,fixed_expedition,400000.0,0.0,active,0,2025-09-29T08:11:22.496403Z,2025-09-29T08:11:22.496403Z,,,
T-510,T-510,C-078,permit,fixed_expedition,800000.0,0.0,active,0,2025-09-29T08:11:22.496403Z,2025-09-29T08:11:22.496403Z,,,
T-511,T-511,C-078,permit,fixed_expedition,500000.0,0.0,active,0,2025-09-29T08:11:22.496403Z,2025-09-29T08:11:22.496403Z,,,
T-512,T-512,C-078,permit,fixed_expedition,1600000.0,0.0,active,0,2025-09-29T08:11:22.496403Z,2025-09-29T08:11:22.496403Z,,,
T-513,T-513,C-078,permit,fixed_expedition,3000000.0,0.0,active,0,2025-09-29T08:11:22.496403Z,2025-09-29T08:11:22.496403Z,,,
T-514,T-514,C-078,permit,fixed_expedition,1500000.0,0.0,active,0,2025-09-29T08:11:22.496403Z,2025-09-29T08:11:22.496403Z,,,
T-515,T-515,C-078,other,formula_based,0.0,0.0,active,0,2025-09-29T08:11:22.496403Z,2025-09-29T08:11:22.496403Z,custom_calculation(input_params),,"{""calculation_type"": ""custom"", ""description"": ""Calcul selon critères spécifiques du service"", ""requires_input"": true}"
T-516,T-516,C-078,other,fixed_expedition,1500.0,0.0,active,0,2025-09-29T08:11:22.496403Z,2025-09-29T08:11:22.496403Z,,,
T-517,T-517,C-078,other,formula_based,0.0,0.0,active,0,2025-09-29T08:11:22.496403Z,2025-09-29T08:11:22.496403Z,custom_calculation(input_params),,"{""calculation_type"": ""custom"", ""description"": ""Calcul selon critères spécifiques du service"", ""requires_input"": true}"
T-518,T-518,C-078,other,formula_based,0.0,0.0,active,0,2025-09-29T08:11:22.496403Z,2025-09-29T08:11:22.496403Z,custom_calculation(input_params),,"{""calculation_type"": ""custom"", ""description"": ""Calcul selon critères spécifiques du service"", ""requires_input"": true}"
T-519,T-519,C-079,other,fixed_expedition,2000000.0,0.0,active,0,2025-09-29T08:11:22.496403Z,2025-09-29T08:11:22.496403Z,,,
T-520,T-520,C-079,other,fixed_expedition,1500000.0,0.0,active,0,2025-09-29T08:11:22.496403Z,2025-09-29T08:11:22.496403Z,,,
T-521,T-521,C-079,permit,fixed_expedition,2000000.0,0.0,active,0,2025-09-29T08:11:22.496403Z,2025-09-29T08:11:22.496403Z,,,
T-522,T-522,C-079,permit,fixed_expedition,2000000.0,0.0,active,0,2025-09-29T08:11:22.496403Z,2025-09-29T08:11:22.496403Z,,,
T-523,T-523,C-079,other,formula_based,0.0,0.0,active,0,2025-09-29T08:11:22.496403Z,2025-09-29T08:11:22.496403Z,custom_calculation(input_params),,"{""calculation_type"": ""custom"", ""description"": ""Calcul selon critères spécifiques du service"", ""requires_input"": true}"
T-524,T-524,C-079,permit,formula_based,0.0,0.0,active,0,2025-09-29T08:11:22.496403Z,2025-09-29T08:11:22.496403Z,custom_calculation(input_params),,"{""calculation_type"": ""custom"", ""description"": ""Calcul selon critères spécifiques du service"", ""requires_input"": true}"
T-525,T-525,C-079,other,formula_based,0.0,0.0,active,0,2025-09-29T08:11:22.496403Z,2025-09-29T08:11:22.496403Z,custom_calculation(input_params),,"{""calculation_type"": ""custom"", ""description"": ""Calcul selon critères spécifiques du service"", ""requires_input"": true}"
T-526,T-526,C-079,declaration,formula_based,0.0,0.0,active,0,2025-09-29T08:11:22.496403Z,2025-09-29T08:11:22.496403Z,custom_calculation(input_params),,"{""calculation_type"": ""custom"", ""description"": ""Calcul selon critères spécifiques du service"", ""requires_input"": true}"
T-527,T-527,C-079,other,formula_based,0.0,0.0,active,0,2025-09-29T08:11:22.496403Z,2025-09-29T08:11:22.496403Z,custom_calculation(input_params),,"{""calculation_type"": ""custom"", ""description"": ""Calcul selon critères spécifiques du service"", ""requires_input"": true}"
T-528,T-528,C-079,other,formula_based,0.0,0.0,active,0,2025-09-29T08:11:22.496403Z,2025-09-29T08:11:22.496403Z,custom_calculation(input_params),,"{""calculation_type"": ""custom"", ""description"": ""Calcul selon critères spécifiques du service"", ""requires_input"": true}"
T-552,T-552,C-080,other,fixed_both,1500.0,1500.0,active,0,2025-09-29T08:11:22.496403Z,2025-09-29T08:11:22.496403Z,,,
T-553,T-553,C-080,other,fixed_both,4000.0,1500.0,active,0,2025-09-29T08:11:22.496403Z,2025-09-29T08:11:22.496403Z,,,
T-554,T-554,C-080,other,fixed_both,50000.0,40000.0,active,0,2025-09-29T08:11:22.496403Z,2025-09-29T08:11:22.496403Z,,,
T-555,T-555,C-080,certificate,fixed_expedition,50000.0,0.0,active,0,2025-09-29T08:11:22.496403Z,2025-09-29T08:11:22.496403Z,,,
T-556,T-556,C-080,other,fixed_expedition,30000.0,0.0,active,0,2025-09-29T08:11:22.496403Z,2025-09-29T08:11:22.496403Z,,,
T-557,T-557,C-080,other,fixed_expedition,500.0,0.0,active,0,2025-09-29T08:11:22.496403Z,2025-09-29T08:11:22.496403Z,,,
T-558,T-558,C-081,other,fixed_expedition,50000.0,0.0,active,0,2025-09-29T08:11:22.496403Z,2025-09-29T08:11:22.496403Z,,,
T-559,T-559,C-081,other,fixed_expedition,150000.0,0.0,active,0,2025-09-29T08:11:22.496403Z,2025-09-29T08:11:22.496403Z,,,
T-560,T-560,C-081,other,fixed_expedition,250000.0,0.0,active,0,2025-09-29T08:11:22.496403Z,2025-09-29T08:11:22.496403Z,,,
T-561,T-561,C-081,other,fixed_expedition,1000000.0,0.0,active,0,2025-09-29T08:11:22.496403Z,2025-09-29T08:11:22.496403Z,,,
T-562,T-562,C-082,other,fixed_expedition,100000.0,0.0,active,0,2025-09-29T08:11:22.496403Z,2025-09-29T08:11:22.496403Z,,,
T-563,T-563,C-082,other,fixed_expedition,200000.0,0.0,active,0,2025-09-29T08:11:22.496403Z,2025-09-29T08:11:22.496403Z,,,
T-564,T-564,C-082,other,fixed_expedition,550000.0,0.0,active,0,2025-09-29T08:11:22.496403Z,2025-09-29T08:11:22.496403Z,,,
T-565,T-565,C-082,other,fixed_expedition,1000000.0,0.0,active,0,2025-09-29T08:11:22.496403Z,2025-09-29T08:11:22.496403Z,,,
T-566,T-566,C-082,other,fixed_expedition,5000000.0,0.0,active,0,2025-09-29T08:11:22.496403Z,2025-09-29T08:11:22.496403Z,,,
T-567,T-567,C-082,other,fixed_expedition,2500.0,0.0,active,0,2025-09-29T08:11:22.496403Z,2025-09-29T08:11:22.496403Z,,,
T-568,T-568,C-082,other,fixed_expedition,5000.0,0.0,active,0,2025-09-29T08:11:22.496403Z,2025-09-29T08:11:22.496403Z,,,
T-569,T-569,C-082,other,fixed_expedition,7500.0,0.0,active,0,2025-09-29T08:11:22.496403Z,2025-09-29T08:11:22.496403Z,,,
T-570,T-570,C-083,other,fixed_expedition,6000.0,0.0,active,0,2025-09-29T08:11:22.496403Z,2025-09-29T08:11:22.496403Z,,,
T-571,T-571,C-083,other,fixed_expedition,10000.0,0.0,active,0,2025-09-29T08:11:22.496403Z,2025-09-29T08:11:22.496403Z,,,
T-572,T-572,C-084,other,fixed_expedition,20000.0,0.0,active,0,2025-09-29T08:11:22.496403Z,2025-09-29T08:11:22.496403Z,,,
T-573,T-573,C-084,other,fixed_expedition,30000.0,0.0,active,0,2025-09-29T08:11:22.496403Z,2025-09-29T08:11:22.496403Z,,,
T-574,T-574,C-084,other,fixed_expedition,20000.0,0.0,active,0,2025-09-29T08:11:22.496403Z,2025-09-29T08:11:22.496403Z,,,
T-575,T-575,C-085,other,fixed_expedition,15000.0,0.0,active,0,2025-09-29T08:11:22.496403Z,2025-09-29T08:11:22.496403Z,,,
T-576,T-576,C-085,other,fixed_expedition,20000.0,0.0,active,0,2025-09-29T08:11:22.496403Z,2025-09-29T08:11:22.496403Z,,,
T-577,T-577,C-085,other,fixed_expedition,15000.0,0.0,active,0,2025-09-29T08:11:22.496403Z,2025-09-29T08:11:22.496403Z,,,
T-578,T-578,C-085,other,fixed_expedition,20000.0,0.0,active,0,2025-09-29T08:11:22.496403Z,2025-09-29T08:11:22.496403Z,,,
T-579,T-579,C-086,other,fixed_expedition,20000.0,0.0,active,0,2025-09-29T08:11:22.496403Z,2025-09-29T08:11:22.496403Z,,,
T-580,T-580,C-086,other,fixed_expedition,15000.0,0.0,active,0,2025-09-29T08:11:22.496403Z,2025-09-29T08:11:22.496403Z,,,
T-581,T-581,C-087,permit,fixed_renewal,0.0,40000.0,active,0,2025-09-29T08:11:22.496403Z,2025-09-29T08:11:22.496403Z,,,
T-582,T-582,C-087,other,fixed_renewal,0.0,20000.0,active,0,2025-09-29T08:11:22.496403Z,2025-09-29T08:11:22.496403Z,,,
T-583,T-583,C-087,other,fixed_renewal,0.0,40000.0,active,0,2025-09-29T08:11:22.496403Z,2025-09-29T08:11:22.496403Z,,,
T-584,T-584,C-087,other,fixed_renewal,0.0,80000.0,active,0,2025-09-29T08:11:22.496403Z,2025-09-29T08:11:22.496403Z,,,
T-585,T-585,C-087,other,fixed_renewal,0.0,20000.0,active,0,2025-09-29T08:11:22.496403Z,2025-09-29T08:11:22.496403Z,,,
T-586,T-586,C-087,other,fixed_renewal,0.0,50000.0,active,0,2025-09-29T08:11:22.496403Z,2025-09-29T08:11:22.496403Z,,,
T-587,T-587,C-087,other,fixed_renewal,0.0,600000.0,active,0,2025-09-29T08:11:22.496403Z,2025-09-29T08:11:22.496403Z,,,
T-588,T-588,C-087,permit,fixed_renewal,0.0,50000.0,active,0,2025-09-29T08:11:22.496403Z,2025-09-29T08:11:22.496403Z,,,
T-589,T-589,C-087,other,fixed_renewal,0.0,30000.0,active,0,2025-09-29T08:11:22.496403Z,2025-09-29T08:11:22.496403Z,,,
T-590,T-590,C-087,other,fixed_renewal,0.0,150000.0,active,0,2025-09-29T08:11:22.496403Z,2025-09-29T08:11:22.496403Z,,,
T-591,T-591,C-088,certificate,fixed_renewal,0.0,2000.0,active,0,2025-09-29T08:11:22.496403Z,2025-09-29T08:11:22.496403Z,,,
T-592,T-592,C-088,certificate,fixed_renewal,0.0,5000.0,active,0,2025-09-29T08:11:22.496403Z,2025-09-29T08:11:22.496403Z,,,
T-593,T-593,C-088,certificate,fixed_renewal,0.0,5000.0,active,0,2025-09-29T08:11:22.496403Z,2025-09-29T08:11:22.496403Z,,,
T-594,T-594,C-088,certificate,fixed_renewal,0.0,15000.0,active,0,2025-09-29T08:11:22.496403Z,2025-09-29T08:11:22.496403Z,,,
T-595,T-595,C-088,certificate,fixed_renewal,0.0,2000.0,active,0,2025-09-29T08:11:22.496403Z,2025-09-29T08:11:22.496403Z,,,
T-596,T-596,C-088,other,fixed_renewal,0.0,100000.0,active,0,2025-09-29T08:11:22.496403Z,2025-09-29T08:11:22.496403Z,,,
T-599,T-599,C-089,other,fixed_renewal,0.0,1000.0,active,0,2025-09-29T08:11:22.496403Z,2025-09-29T08:11:22.496403Z,,,
T-600,T-600,C-089,other,fixed_renewal,0.0,1000.0,active,0,2025-09-29T08:11:22.496403Z,2025-09-29T08:11:22.496403Z,,,
T-601,T-601,C-089,other,fixed_renewal,0.0,7500.0,active,0,2025-09-29T08:11:22.496403Z,2025-09-29T08:11:22.496403Z,,,
T-602,T-602,C-089,other,fixed_renewal,0.0,7500.0,active,0,2025-09-29T08:11:22.496403Z,2025-09-29T08:11:22.496403Z,,,
T-603,T-603,C-089,other,fixed_renewal,0.0,10000.0,active,0,2025-09-29T08:11:22.496403Z,2025-09-29T08:11:22.496403Z,,,
T-604,T-604,C-089,other,fixed_renewal,0.0,200000.0,active,0,2025-09-29T08:11:22.496403Z,2025-09-29T08:11:22.496403Z,,,
T-605,T-605,C-089,other,fixed_renewal,0.0,400000.0,active,0,2025-09-29T08:11:22.496403Z,2025-09-29T08:11:22.496403Z,,,
T-610,T-610,C-090,other,formula_based,0.0,0.0,active,0,2025-09-29T08:11:22.496403Z,2025-09-29T08:11:22.496403Z,custom_calculation(input_params),,"{""calculation_type"": ""custom"", ""description"": ""Calcul selon critères spécifiques du service"", ""requires_input"": true}"
T-611,T-611,C-090,other,fixed_renewal,0.0,5000.0,active,0,2025-09-29T08:11:22.496403Z,2025-09-29T08:11:22.496403Z,,,
T-612,T-612,C-091,certificate,fixed_expedition,5000.0,0.0,active,0,2025-09-29T08:11:22.496403Z,2025-09-29T08:11:22.496403Z,,,
T-613,T-613,C-091,registration,fixed_expedition,100000.0,0.0,active,0,2025-09-29T08:11:22.496403Z,2025-09-29T08:11:22.496403Z,,,
T-614,T-614,C-091,registration,fixed_expedition,10000.0,0.0,active,0,2025-09-29T08:11:22.496403Z,2025-09-29T08:11:22.496403Z,,,
T-615,T-615,C-091,registration,fixed_expedition,5000.0,0.0,active,0,2025-09-29T08:11:22.496403Z,2025-09-29T08:11:22.496403Z,,,
T-616,T-616,C-091,other,formula_based,0.0,0.0,active,0,2025-09-29T08:11:22.496403Z,2025-09-29T08:11:22.496403Z,custom_calculation(input_params),,"{""calculation_type"": ""custom"", ""description"": ""Calcul selon critères spécifiques du service"", ""requires_input"": true}"
T-617,T-617,C-091,certificate,fixed_expedition,5000.0,0.0,active,0,2025-09-29T08:11:22.496403Z,2025-09-29T08:11:22.496403Z,,,
T-618,T-618,C-091,certificate,fixed_expedition,5000.0,0.0,active,0,2025-09-29T08:11:22.496403Z,2025-09-29T08:11:22.496403Z,,,
T-619,T-619,C-091,other,fixed_expedition,5000.0,0.0,active,0,2025-09-29T08:11:22.496403Z,2025-09-29T08:11:22.496403Z,,,
T-620,T-620,C-092,other,fixed_expedition,1000.0,0.0,active,0,2025-09-29T08:11:22.496403Z,2025-09-29T08:11:22.496403Z,,,
T-621,T-621,C-092,other,fixed_expedition,10000.0,0.0,active,0,2025-09-29T08:11:22.496403Z,2025-09-29T08:11:22.496403Z,,,
T-622,T-622,C-092,other,fixed_expedition,15000.0,0.0,active,0,2025-09-29T08:11:22.496403Z,2025-09-29T08:11:22.496403Z,,,
T-623,T-623,C-092,other,fixed_expedition,20000.0,0.0,active,0,2025-09-29T08:11:22.496403Z,2025-09-29T08:11:22.496403Z,,,
T-624,T-624,C-092,other,fixed_expedition,30000.0,0.0,active,0,2025-09-29T08:11:22.496403Z,2025-09-29T08:11:22.496403Z,,,
T-625,T-625,C-093,other,fixed_expedition,250000.0,0.0,active,0,2025-09-29T08:11:22.496403Z,2025-09-29T08:11:22.496403Z,,,
T-626,T-626,C-093,other,fixed_expedition,300000.0,0.0,active,0,2025-09-29T08:11:22.496403Z,2025-09-29T08:11:22.496403Z,,,
T-627,T-627,C-093,other,fixed_expedition,400000.0,0.0,active,0,2025-09-29T08:11:22.496403Z,2025-09-29T08:11:22.496403Z,,,
T-628,T-628,C-093,other,fixed_expedition,1300000.0,0.0,active,0,2025-09-29T08:11:22.496403Z,2025-09-29T08:11:22.496403Z,,,
T-909,T-909,C-101,other,formula_based,0.0,0.0,active,0,2025-09-29T08:11:22.496403Z,2025-09-29T08:11:22.496403Z,custom_calculation(input_params),,"{""calculation_type"": ""custom"", ""description"": ""Calcul selon critères spécifiques du service"", ""requires_input"": true}"
T-910,T-910,C-102,other,fixed_expedition,500.0,0.0,active,0,2025-09-29T08:11:22.496403Z,2025-09-29T08:11:22.496403Z,,,
T-911,T-911,C-103,other,fixed_expedition,2.0,0.0,active,0,2025-09-29T08:11:22.496403Z,2025-09-29T08:11:22.496403Z,,,
T-912,T-912,C-103,other,fixed_expedition,1.0,0.0,active,0,2025-09-29T08:11:22.496403Z,2025-09-29T08:11:22.496403Z,,,
T-913,T-913,C-104,other,fixed_expedition,100.0,0.0,active,0,2025-09-29T08:11:22.496403Z,2025-09-29T08:11:22.496403Z,,,
T-914,T-914,C-105,other,fixed_expedition,4.0,0.0,active,0,2025-09-29T08:11:22.496403Z,2025-09-29T08:11:22.496403Z,,,
T-915,T-915,C-105,other,fixed_expedition,5.0,0.0,active,0,2025-09-29T08:11:22.496403Z,2025-09-29T08:11:22.496403Z,,,
T-916,T-916,C-105,other,fixed_expedition,5.0,0.0,active,0,2025-09-29T08:11:22.496403Z,2025-09-29T08:11:22.496403Z,,,
